Player,Year,GP,GS,MIN,PTS,FGM,FGA,FG_prc,three_PM,Three_PA,Three_P_prc,FTM,FTA,FT_prc,OFF,DEF,TRB,AST,STL,BLK,TOV,PF
Joel Embiid,2016,31,31,25.4,20.23,6.45,13.84,0.466,1.16,3.16,0.367,6.16,7.87,0.783,1.97,5.87,7.84,2.13,0.87,2.45,3.77,3.61
Joel Embiid,2017,63,63,30.4,22.94,8.1,16.76,0.483,1.05,3.4,0.308,5.7,7.41,0.769,2.27,8.68,10.95,3.16,0.63,1.76,3.71,3.32
Joel Embiid,2018,64,64,33.7,27.52,9.06,18.73,0.484,1.23,4.11,0.3,8.16,10.14,0.804,2.5,11.09,13.59,3.66,0.72,1.91,3.53,3.3
Joel Embiid,2019,51,51,29.5,22.98,7.49,15.71,0.477,1.12,3.37,0.331,6.88,8.53,0.807,2.76,8.86,11.63,2.98,0.88,1.27,3.12,3.41
Joel Embiid,2020,51,51,31.1,28.45,9.04,17.63,0.513,1.14,3.02,0.377,9.24,10.75,0.859,2.22,8.35,10.57,2.84,0.98,1.35,3.12,2.41
Joel Embiid,2021,68,68,33.8,30.57,9.79,19.62,0.499,1.37,3.69,0.371,9.62,11.81,0.814,2.15,9.56,11.71,4.18,1.13,1.46,3.15,2.66
Joel Embiid,2022,66,66,34.6,33.08,11.03,20.12,0.548,1,3.03,0.33,10.02,11.68,0.857,1.71,8.44,10.15,4.15,1,1.7,3.42,3.11
Luka Doncic,2018,72,72,32.2,21.19,7.03,16.47,0.427,2.33,7.14,0.327,4.81,6.74,0.713,1.19,6.62,7.82,5.96,1.07,0.35,3.43,1.9
Luka Doncic,2019,61,61,33.6,28.84,9.52,20.57,0.463,2.8,8.87,0.316,6.98,9.21,0.758,1.28,8.11,9.39,8.82,1,0.23,4.26,2.51
Luka Doncic,2020,66,66,34.3,27.73,9.8,20.47,0.479,2.91,8.3,0.35,5.21,7.14,0.73,0.82,7.17,7.98,8.59,0.97,0.55,4.26,2.3
Luka Doncic,2021,65,65,35.4,28.42,9.86,21.58,0.457,3.09,8.75,0.353,5.6,7.52,0.744,0.86,8.26,9.12,8.74,1.15,0.55,4.49,2.23
Luka Doncic,2022,66,66,36.2,32.39,10.89,21.95,0.496,2.8,8.2,0.342,7.8,10.52,0.742,0.82,7.8,8.62,8.02,1.36,0.5,3.58,2.52
Damian Lillard,2012,82,82,38.6,19.05,6.74,15.71,0.429,2.26,6.13,0.368,3.3,3.91,0.844,0.51,2.62,3.13,6.48,0.9,0.23,2.96,2.1
Damian Lillard,2013,82,82,35.8,20.67,6.74,15.9,0.424,2.66,6.76,0.394,4.52,5.2,0.871,0.43,3.09,3.51,5.57,0.78,0.27,2.35,2.4
Damian Lillard,2014,82,82,35.7,20.98,7.2,16.59,0.434,2.39,6.98,0.343,4.2,4.85,0.864,0.6,4.01,4.61,6.18,1.18,0.26,2.71,2
Damian Lillard,2015,75,75,35.7,25.05,8.24,19.65,0.419,3.05,8.13,0.375,5.52,6.19,0.892,0.6,3.43,4.03,6.83,0.87,0.37,3.23,2.2
Damian Lillard,2016,75,75,35.9,26.99,8.81,19.84,0.444,2.85,7.72,0.37,6.51,7.27,0.895,0.61,4.29,4.91,5.87,0.91,0.27,2.63,2.03
Damian Lillard,2017,73,73,36.6,26.88,8.51,19.38,0.439,3.11,8.62,0.361,6.75,7.37,0.916,0.85,3.6,4.45,6.59,1.07,0.37,2.82,1.6
Damian Lillard,2018,80,80,35.5,25.84,8.51,19.16,0.444,2.96,8.04,0.369,5.85,6.41,0.912,0.85,3.79,4.64,6.89,1.1,0.42,2.65,1.85
Damian Lillard,2019,66,66,37.5,29.97,9.45,20.44,0.463,4.09,10.21,0.401,6.97,7.85,0.888,0.5,3.8,4.3,8.03,1.06,0.33,2.94,1.73
Damian Lillard,2020,67,67,35.8,28.78,8.99,19.91,0.451,4.1,10.51,0.391,6.7,7.22,0.928,0.48,3.75,4.22,7.54,0.93,0.25,3.03,1.52
Damian Lillard,2021,29,29,36.4,23.97,7.66,19.03,0.402,3.17,9.79,0.324,5.48,6.24,0.878,0.45,3.69,4.14,7.31,0.59,0.38,2.86,1.28
Damian Lillard,2022,58,58,36.3,32.17,9.59,20.72,0.463,4.21,11.34,0.371,8.79,9.62,0.914,0.76,4.02,4.78,7.33,0.86,0.31,3.29,1.88
Shai Gilgeous-Alexander,2018,82,73,26.5,10.84,4.16,8.73,0.476,0.62,1.7,0.367,1.9,2.38,0.8,0.7,2.13,2.83,3.29,1.17,0.55,1.72,2.13
Shai Gilgeous-Alexander,2019,70,70,34.7,19.01,6.83,14.5,0.471,1.24,3.59,0.347,4.11,5.1,0.807,0.67,5.21,5.89,3.31,1.13,0.67,1.91,1.67
Shai Gilgeous-Alexander,2020,35,35,33.7,23.71,8.2,16.14,0.508,2.03,4.86,0.418,5.29,6.54,0.808,0.54,4.2,4.74,5.91,0.77,0.66,3.03,2
Shai Gilgeous-Alexander,2021,56,56,34.7,24.48,8.52,18.79,0.453,1.59,5.3,0.3,5.86,7.23,0.81,0.66,4.3,4.96,5.91,1.27,0.82,2.75,2.54
Shai Gilgeous-Alexander,2022,68,68,35.5,31.4,10.35,20.31,0.51,0.85,2.47,0.345,9.84,10.87,0.905,0.87,3.97,4.84,5.46,1.65,0.96,2.82,2.82
Giannis Antetokounmpo,2013,77,23,24.6,6.82,2.25,5.43,0.414,0.53,1.53,0.347,1.79,2.62,0.683,1.01,3.39,4.4,1.95,0.78,0.79,1.58,2.25
Giannis Antetokounmpo,2014,81,71,31.4,12.72,4.73,9.63,0.491,0.09,0.54,0.159,3.17,4.28,0.741,1.23,5.46,6.69,2.56,0.9,1.05,2.14,3.14
Giannis Antetokounmpo,2015,80,79,35.3,16.88,6.41,12.66,0.506,0.35,1.36,0.257,3.7,5.11,0.724,1.41,6.24,7.65,4.31,1.18,1.41,2.6,3.23
Giannis Antetokounmpo,2016,80,80,35.6,22.9,8.2,15.74,0.521,0.61,2.25,0.272,5.89,7.65,0.77,1.77,6.97,8.75,5.42,1.64,1.89,2.92,3.08
Giannis Antetokounmpo,2017,75,75,36.8,26.85,9.89,18.69,0.529,0.57,1.87,0.307,6.49,8.55,0.76,2.08,7.96,10.04,4.81,1.45,1.41,2.97,3.08
Giannis Antetokounmpo,2018,72,72,32.8,27.69,10.01,17.32,0.578,0.72,2.82,0.256,6.94,9.53,0.729,2.21,10.26,12.47,5.89,1.28,1.53,3.72,3.22
Giannis Antetokounmpo,2019,63,63,30.4,29.48,10.87,19.65,0.553,1.41,4.65,0.304,6.32,9.98,0.633,2.22,11.37,13.59,5.62,0.97,1.05,3.65,3.1
Giannis Antetokounmpo,2020,61,61,33,28.15,10.26,18.03,0.569,1.1,3.62,0.303,6.52,9.52,0.685,1.59,9.41,11,5.85,1.18,1.2,3.39,2.75
Giannis Antetokounmpo,2021,67,67,32.9,29.88,10.28,18.58,0.553,1.06,3.61,0.293,8.25,11.43,0.722,2,9.61,11.61,5.79,1.07,1.36,3.27,3.16
Giannis Antetokounmpo,2022,63,63,32.1,31.1,11.22,20.29,0.553,0.75,2.71,0.275,7.9,12.25,0.645,2.17,9.6,11.78,5.7,0.83,0.81,3.9,3.13
Jayson Tatum,2017,80,80,30.5,13.9,4.96,10.44,0.475,1.31,3.02,0.434,2.66,3.23,0.826,0.62,4.4,5.03,1.6,1.04,0.72,1.43,2.12
Jayson Tatum,2018,79,79,31.1,15.73,5.9,13.11,0.45,1.47,3.94,0.373,2.47,2.89,0.855,0.89,5.15,6.04,2.13,1.06,0.72,1.54,2.13
Jayson Tatum,2019,66,66,34.3,23.44,8.36,18.58,0.45,2.86,7.11,0.403,3.85,4.74,0.812,0.97,6,6.97,3.03,1.41,0.86,2.35,2.06
Jayson Tatum,2020,64,64,35.8,26.44,9.45,20.59,0.459,2.92,7.58,0.386,4.61,5.31,0.868,0.78,6.59,7.38,4.31,1.17,0.48,2.67,1.91
Jayson Tatum,2021,76,76,35.9,26.92,9.32,20.58,0.453,3.03,8.57,0.353,5.26,6.17,0.853,1.12,6.89,8.01,4.39,0.99,0.64,2.86,2.29
Jayson Tatum,2022,74,74,36.9,30.07,9.82,21.07,0.466,3.24,9.27,0.35,7.18,8.41,0.854,1.05,7.72,8.77,4.62,1.05,0.69,2.88,2.16
Stephen Curry,2009,80,77,36.2,17.49,6.6,14.29,0.462,2.08,4.75,0.437,2.21,2.5,0.885,0.6,3.85,4.45,5.9,1.9,0.24,3.04,3.15
Stephen Curry,2010,74,74,33.6,18.55,6.82,14.23,0.48,2.04,4.62,0.442,2.86,3.07,0.934,0.7,3.16,3.86,5.84,1.47,0.27,3.05,3.15
Stephen Curry,2011,26,23,28.1,14.73,5.58,11.38,0.49,2.12,4.65,0.455,1.46,1.81,0.809,0.58,2.81,3.38,5.31,1.5,0.31,2.5,2.38
Stephen Curry,2012,78,78,38.2,22.9,8.03,17.79,0.451,3.49,7.69,0.453,3.36,3.73,0.9,0.76,3.27,4.03,6.91,1.62,0.15,3.08,2.54
Stephen Curry,2013,78,78,36.5,24.01,8.36,17.73,0.471,3.35,7.88,0.424,3.95,4.46,0.885,0.59,3.69,4.28,8.54,1.64,0.18,3.77,2.49
Stephen Curry,2014,80,80,32.7,23.75,8.16,16.76,0.487,3.58,8.07,0.443,3.85,4.21,0.914,0.7,3.56,4.26,7.74,2.04,0.2,3.11,1.98
Stephen Curry,2015,79,79,34.2,30.06,10.19,20.23,0.504,5.09,11.22,0.454,4.59,5.06,0.908,0.86,4.58,5.44,6.67,2.14,0.19,3.32,2.04
Stephen Curry,2016,79,79,33.4,25.3,8.54,18.27,0.468,4.1,9.99,0.411,4.11,4.58,0.898,0.77,3.7,4.47,6.63,1.8,0.22,3.03,2.32
Stephen Curry,2017,51,51,32,26.39,8.39,16.94,0.495,4.16,9.82,0.423,5.45,5.92,0.921,0.71,4.41,5.12,6.08,1.57,0.16,3,2.24
Stephen Curry,2018,69,69,33.8,27.26,9.16,19.42,0.472,5.13,11.74,0.437,3.81,4.16,0.916,0.65,4.7,5.35,5.23,1.33,0.36,2.78,2.41
Stephen Curry,2019,5,5,27.9,20.8,6.6,16.4,0.402,2.4,9.8,0.245,5.2,5.2,1,0.8,4.4,5.2,6.6,1,0.4,3.2,2.2
Stephen Curry,2020,63,63,34.2,31.98,10.44,21.67,0.482,5.35,12.71,0.421,5.75,6.27,0.916,0.46,5.02,5.48,5.76,1.22,0.13,3.38,1.89
Stephen Curry,2021,64,64,34.6,25.47,8.36,19.12,0.437,4.45,11.72,0.38,4.3,4.66,0.923,0.53,4.7,5.23,6.31,1.33,0.36,3.22,2.03
Stephen Curry,2022,56,56,34.7,29.43,9.98,20.23,0.493,4.88,11.41,0.427,4.59,5.02,0.915,0.7,5.39,6.09,6.29,0.93,0.36,3.2,2.09
Kevin Durant,2007,80,80,34.6,20.3,7.34,17.07,0.43,0.74,2.56,0.288,4.89,5.6,0.873,0.88,3.48,4.35,2.4,0.97,0.94,2.9,1.52
Kevin Durant,2008,74,74,39,25.28,8.93,18.78,0.476,1.31,3.11,0.422,6.11,7.08,0.863,1.04,5.47,6.51,2.77,1.3,0.72,3.04,1.81
Kevin Durant,2009,82,82,39.5,30.15,9.68,20.34,0.476,1.56,4.28,0.365,9.22,10.24,0.9,1.28,6.32,7.6,2.82,1.37,1.02,3.3,2.09
Kevin Durant,2010,78,78,38.9,27.71,9.12,19.72,0.462,1.86,5.31,0.35,7.62,8.65,0.88,0.73,6.1,6.83,2.74,1.13,0.97,2.79,2.04
Kevin Durant,2011,66,66,38.6,28.03,9.74,19.65,0.496,2.02,5.21,0.387,6.53,7.59,0.86,0.61,7.38,7.98,3.5,1.33,1.17,3.76,2.02
Kevin Durant,2012,81,81,38.5,28.15,9.02,17.69,0.51,1.72,4.12,0.416,8.38,9.26,0.905,0.57,7.33,7.9,4.62,1.43,1.3,3.46,1.77
Kevin Durant,2013,81,81,38.5,32.01,10.48,20.84,0.503,2.37,6.06,0.391,8.68,9.94,0.873,0.72,6.67,7.38,5.49,1.27,0.73,3.52,2.15
Kevin Durant,2014,27,27,33.8,25.41,8.81,17.3,0.51,2.37,5.89,0.403,5.41,6.33,0.854,0.59,6,6.59,4.07,0.89,0.93,2.74,1.48
Kevin Durant,2015,72,72,35.8,28.18,9.69,19.18,0.505,2.58,6.67,0.388,6.21,6.92,0.898,0.62,7.56,8.18,5.01,0.96,1.18,3.47,1.9
Kevin Durant,2016,62,62,33.4,25.08,8.89,16.55,0.537,1.89,5.03,0.375,5.42,6.19,0.875,0.63,7.65,8.27,4.84,1.06,1.6,2.23,1.89
Kevin Durant,2017,68,68,34.2,26.35,9.26,17.97,0.516,2.54,6.07,0.419,5.28,5.94,0.889,0.46,6.37,6.82,5.38,0.74,1.75,3.04,1.96
Kevin Durant,2018,78,78,34.6,25.99,9.24,17.73,0.521,1.76,4.97,0.353,5.74,6.49,0.885,0.42,5.95,6.37,5.86,0.74,1.08,2.88,1.99
Kevin Durant,2020,35,32,33,26.94,9.26,17.23,0.537,2.43,5.4,0.45,6,6.8,0.882,0.37,6.69,7.06,5.57,0.71,1.29,3.43,2
Kevin Durant,2021,55,55,37.2,29.87,10.51,20.27,0.518,2.09,5.45,0.383,6.76,7.44,0.91,0.53,6.87,7.4,6.38,0.87,0.95,3.47,2.05
Kevin Durant,2022,47,47,35.6,29.06,10.28,18.34,0.56,1.98,4.89,0.404,6.53,7.11,0.919,0.36,6.3,6.66,5,0.72,1.43,3.32,2.11
LeBron James,2003,79,79,39.5,20.94,7.87,18.89,0.417,0.8,2.75,0.29,4.39,5.82,0.754,1.25,4.22,5.47,5.89,1.65,0.73,3.46,1.89
LeBron James,2004,80,80,42.4,27.19,9.94,21.05,0.472,1.35,3.85,0.351,5.96,7.95,0.75,1.39,5.96,7.35,7.21,2.21,0.65,3.27,1.82
LeBron James,2005,79,79,42.5,31.37,11.08,23.08,0.48,1.61,4.8,0.335,7.61,10.3,0.738,0.95,6.09,7.04,6.59,1.56,0.84,3.29,2.29
LeBron James,2006,78,78,40.9,27.33,9.9,20.78,0.476,1.27,3.97,0.319,6.27,8.99,0.698,1.06,5.68,6.74,6.03,1.6,0.71,3.21,2.19
LeBron James,2007,75,74,40.4,30,10.59,21.89,0.484,1.51,4.79,0.315,7.32,10.28,0.712,1.77,6.12,7.89,7.19,1.84,1.08,3.4,2.2
LeBron James,2008,81,81,37.7,28.44,9.74,19.91,0.489,1.63,4.74,0.344,7.33,9.41,0.78,1.31,6.26,7.57,7.25,1.69,1.15,2.98,1.72
LeBron James,2009,76,76,39,29.71,10.11,20.11,0.503,1.7,5.09,0.333,7.8,10.17,0.767,0.93,6.36,7.29,8.57,1.64,1.01,3.43,1.57
LeBron James,2010,79,79,38.8,26.72,9.59,18.78,0.511,1.16,3.53,0.33,6.37,8.39,0.759,1.01,6.46,7.47,7.01,1.57,0.63,3.59,2.06
LeBron James,2011,62,62,37.5,27.15,10.02,18.85,0.531,0.87,2.4,0.362,6.24,8.1,0.771,1.52,6.42,7.94,6.24,1.85,0.81,3.44,1.55
LeBron James,2012,76,76,37.9,26.79,10.07,17.82,0.565,1.36,3.34,0.406,5.3,7.04,0.753,1.28,6.75,8.03,7.25,1.7,0.88,2.97,1.45
LeBron James,2013,77,77,37.7,27.13,9.96,17.57,0.567,1.51,3.97,0.379,5.7,7.6,0.75,1.05,5.87,6.92,6.34,1.57,0.34,3.51,1.64
LeBron James,2014,69,69,36.1,25.26,9.04,18.54,0.488,1.74,4.91,0.354,5.43,7.65,0.71,0.74,5.29,6.03,7.41,1.58,0.71,3.94,1.96
LeBron James,2015,76,76,35.6,25.26,9.7,18.63,0.52,1.14,3.71,0.309,4.72,6.46,0.731,1.46,5.97,7.43,6.76,1.37,0.64,3.28,1.88
LeBron James,2016,74,74,37.8,26.41,9.95,18.16,0.548,1.68,4.62,0.363,4.84,7.18,0.674,1.31,7.32,8.64,8.73,1.24,0.59,4.09,1.81
LeBron James,2017,82,82,36.9,27.45,10.45,19.27,0.542,1.82,4.95,0.367,4.73,6.48,0.731,1.18,7.46,8.65,9.11,1.41,0.87,4.23,1.66
LeBron James,2018,55,55,35.2,27.36,10.15,19.91,0.51,2.02,5.95,0.339,5.05,7.6,0.665,1.04,7.42,8.45,8.25,1.31,0.6,3.58,1.71
LeBron James,2019,67,67,34.6,25.34,9.6,19.45,0.493,2.21,6.34,0.348,3.94,5.69,0.693,0.99,6.85,7.84,10.21,1.16,0.54,3.9,1.76
LeBron James,2020,45,45,33.4,25.02,9.38,18.29,0.513,2.31,6.33,0.365,3.96,5.67,0.698,0.64,7.04,7.69,7.78,1.07,0.56,3.73,1.56
LeBron James,2021,56,56,37.2,30.27,11.43,21.8,0.524,2.88,8,0.359,4.54,6,0.756,1.12,7.07,8.2,6.23,1.3,1.05,3.5,2.16
LeBron James,2022,55,54,35.5,28.91,11.07,22.16,0.5,2.2,6.85,0.321,4.56,5.95,0.768,1.18,7.13,8.31,6.82,0.91,0.58,3.24,1.6
Donovan Mitchell,2017,79,71,33.4,20.46,7.53,17.24,0.437,2.37,6.96,0.34,3.03,3.76,0.805,0.66,3.09,3.75,3.68,1.49,0.34,2.72,2.7
Donovan Mitchell,2018,77,77,33.7,23.75,8.58,19.87,0.432,2.44,6.74,0.362,4.14,5.14,0.806,0.77,3.34,4.1,4.18,1.38,0.4,2.83,2.7
Donovan Mitchell,2019,69,69,34.3,23.99,8.72,19.45,0.449,2.51,6.86,0.366,4.03,4.67,0.863,0.77,3.64,4.41,4.26,1.01,0.2,2.67,2.49
Donovan Mitchell,2020,53,53,33.4,26.43,9.02,20.58,0.438,3.36,8.7,0.386,5.04,5.96,0.845,0.94,3.49,4.43,5.23,0.98,0.28,2.77,2.21
Donovan Mitchell,2021,67,67,33.8,25.87,9.21,20.54,0.448,3.46,9.76,0.355,3.99,4.67,0.853,0.82,3.39,4.21,5.34,1.48,0.18,2.99,2.45
Donovan Mitchell,2022,68,68,35.8,28.26,9.99,20.62,0.484,3.6,9.34,0.386,4.69,5.41,0.867,0.93,3.32,4.25,4.43,1.46,0.4,2.65,2.47
Devin Booker,2015,76,51,27.7,13.79,4.83,11.41,0.423,1.3,3.8,0.343,2.83,3.37,0.84,0.36,2.11,2.46,2.63,0.58,0.26,2.11,2.96
Devin Booker,2016,78,78,35,22.13,7.77,18.35,0.423,1.88,5.19,0.363,4.71,5.65,0.832,0.59,2.6,3.19,3.44,0.92,0.27,3.09,3.1
Devin Booker,2017,54,54,34.5,24.93,8.43,19.52,0.432,2.72,7.11,0.383,5.35,6.09,0.878,0.48,4.04,4.52,4.69,0.87,0.26,3.59,3.11
Devin Booker,2018,64,64,35,26.56,9.16,19.61,0.467,2.11,6.47,0.326,6.14,7.09,0.866,0.61,3.53,4.14,6.77,0.88,0.2,4.12,3.12
Devin Booker,2019,70,70,35.9,26.61,8.96,18.33,0.489,2.01,5.69,0.354,6.69,7.27,0.919,0.41,3.83,4.24,6.51,0.7,0.26,3.77,3.04
Devin Booker,2020,67,67,33.9,25.55,9.3,19.21,0.484,1.88,5.54,0.34,5.07,5.85,0.867,0.51,3.69,4.19,4.31,0.79,0.24,3.09,2.7
Devin Booker,2021,68,68,34.5,26.79,9.74,20.9,0.466,2.69,7.03,0.383,4.63,5.34,0.868,0.66,4.37,5.03,4.84,1.13,0.38,2.38,2.65
Devin Booker,2022,53,53,34.6,27.75,9.94,20.13,0.494,2.09,5.96,0.351,5.77,6.75,0.855,0.87,3.66,4.53,5.53,0.96,0.34,2.74,3
Kyrie Irving,2011,51,51,30.5,18.51,6.86,14.65,0.469,1.43,3.59,0.399,3.35,3.84,0.872,0.86,2.88,3.75,5.39,1.06,0.39,3.14,2.16
Kyrie Irving,2012,59,59,34.7,22.46,8.2,18.14,0.452,1.85,4.73,0.391,4.2,4.92,0.855,0.58,3.08,3.66,5.93,1.51,0.36,3.24,2.47
Kyrie Irving,2013,71,71,35.2,20.82,7.49,17.42,0.43,1.73,4.85,0.358,4.1,4.76,0.861,0.73,2.92,3.65,6.1,1.52,0.32,2.68,2.3
Kyrie Irving,2014,75,75,36.4,21.71,7.71,16.47,0.468,2.09,5.04,0.415,4.2,4.87,0.863,0.73,2.43,3.16,5.19,1.52,0.27,2.48,1.95
Kyrie Irving,2015,53,53,31.5,19.64,7.43,16.58,0.448,1.58,4.92,0.322,3.19,3.6,0.885,0.83,2.13,2.96,4.7,1.06,0.34,2.34,2.02
Kyrie Irving,2016,72,72,35.1,25.22,9.32,19.72,0.473,2.46,6.12,0.401,4.12,4.56,0.905,0.72,2.47,3.19,5.81,1.15,0.33,2.5,2.18
Kyrie Irving,2017,60,60,32.2,24.43,8.9,18.12,0.491,2.77,6.78,0.408,3.87,4.35,0.889,0.55,3.23,3.78,5.1,1.08,0.28,2.33,2.03
Kyrie Irving,2018,67,67,33,23.82,9.01,18.52,0.487,2.6,6.48,0.401,3.19,3.66,0.873,1.06,3.94,5,6.93,1.54,0.51,2.57,2.49
Kyrie Irving,2019,20,20,32.9,27.4,9.95,20.8,0.478,2.8,7.1,0.394,4.7,5.1,0.922,1.1,4.05,5.15,6.4,1.35,0.5,2.6,2.65
Kyrie Irving,2020,54,54,34.9,26.87,10.17,20.11,0.506,2.81,7,0.402,3.72,4.04,0.922,0.96,3.8,4.76,6,1.41,0.69,2.41,2.59
Kyrie Irving,2021,29,29,37.6,27.45,9.97,21.24,0.469,3.45,8.24,0.418,4.07,4.45,0.915,0.55,3.83,4.38,5.76,1.41,0.59,2.52,2.79
Kyrie Irving,2022,60,60,37.3,27.05,9.9,20.05,0.494,3.13,8.27,0.379,4.12,4.55,0.905,0.98,4.08,5.07,5.52,1.1,0.75,2.13,2.75
Jaylen Brown,2016,78,20,17.2,6.6,2.46,5.42,0.454,0.59,1.73,0.341,1.09,1.59,0.685,0.58,2.24,2.82,0.82,0.45,0.23,0.87,1.82
Jaylen Brown,2017,70,70,30.7,14.53,5.33,11.47,0.465,1.73,4.37,0.395,2.14,3.33,0.644,0.94,4,4.94,1.63,1,0.37,1.77,2.59
Jaylen Brown,2018,74,25,25.9,13.03,4.97,10.7,0.465,1.28,3.73,0.344,1.8,2.73,0.658,0.88,3.35,4.23,1.35,0.93,0.43,1.34,2.51
Jaylen Brown,2019,57,57,33.9,20.33,7.49,15.56,0.481,2.26,5.93,0.382,3.09,4.26,0.724,1.09,5.3,6.39,2.07,1.14,0.35,2.19,2.93
Jaylen Brown,2020,58,58,34.5,24.66,9.28,19.16,0.484,2.81,7.09,0.397,3.29,4.31,0.764,1.22,4.76,5.98,3.36,1.24,0.55,2.72,2.9
Jaylen Brown,2021,66,66,33.6,23.62,8.73,18.44,0.473,2.52,7.03,0.358,3.65,4.82,0.758,0.8,5.32,6.12,3.5,1.06,0.27,2.7,2.47
Jaylen Brown,2022,67,67,35.9,26.63,10.13,20.64,0.491,2.43,7.27,0.335,3.93,5.13,0.765,1.16,5.69,6.85,3.46,1.12,0.39,2.94,2.57
Trae Young,2018,81,81,30.9,19.12,6.48,15.51,0.418,1.93,5.95,0.324,4.23,5.11,0.829,0.79,2.93,3.72,8.06,0.89,0.19,3.8,1.73
Trae Young,2019,60,60,35.3,29.63,9.1,20.82,0.437,3.42,9.47,0.361,8.02,9.32,0.86,0.53,3.72,4.25,9.33,1.08,0.13,4.82,1.73
Trae Young,2020,63,63,33.7,25.3,7.73,17.65,0.438,2.16,6.3,0.343,7.68,8.67,0.886,0.6,3.29,3.89,9.43,0.84,0.19,4.14,1.76
Trae Young,2021,76,76,34.9,28.36,9.36,20.32,0.46,3.07,8.03,0.382,6.58,7.28,0.904,0.66,3.08,3.74,9.7,0.95,0.09,3.99,1.68
Trae Young,2022,73,73,34.8,26.22,8.18,19.04,0.429,2.11,6.3,0.335,7.75,8.75,0.886,0.77,2.21,2.97,10.15,1.1,0.12,4.11,1.42
Ja Morant,2019,67,67,31,17.81,6.67,13.99,0.477,0.9,2.67,0.335,3.57,4.6,0.776,0.76,3.1,3.87,7.28,0.87,0.27,3.28,1.64
Ja Morant,2020,63,63,32.6,19.11,6.83,15.19,0.449,1.16,3.83,0.303,4.3,5.9,0.728,0.94,3.06,4,7.38,0.9,0.21,3.22,1.38
Ja Morant,2021,57,57,33.1,27.44,10.18,20.65,0.493,1.54,4.49,0.344,5.54,7.28,0.761,1.35,4.35,5.7,6.74,1.16,0.39,3.44,1.51
Ja Morant,2022,61,59,31.9,26.16,9.28,19.9,0.466,1.51,4.92,0.307,6.1,8.15,0.748,1,4.85,5.85,8.08,1.08,0.26,3.38,1.64
Anthony Davis,2012,64,60,28.8,13.52,5.44,10.55,0.516,0,0.09,0,2.64,3.52,0.751,2.58,5.58,8.16,0.98,1.17,1.75,1.39,2.47
Anthony Davis,2013,67,66,35.2,20.81,7.79,15,0.519,0.03,0.13,0.222,5.19,6.57,0.791,3.09,6.96,10.04,1.57,1.33,2.82,1.63,2.99
Anthony Davis,2014,68,68,36.1,24.35,9.44,17.63,0.535,0.01,0.18,0.083,5.46,6.78,0.805,2.54,7.69,10.24,2.19,1.47,2.94,1.4,2.07
Anthony Davis,2015,61,61,35.5,24.28,9.18,18.62,0.493,0.57,1.77,0.324,5.34,7.05,0.758,2.13,8.15,10.28,1.9,1.28,2.05,1.98,2.43
Anthony Davis,2016,75,75,36.1,27.99,10.27,20.35,0.505,0.53,1.79,0.299,6.92,8.63,0.802,2.29,9.49,11.79,2.09,1.25,2.23,2.41,2.24
Anthony Davis,2017,75,75,36.4,28.13,10.4,19.49,0.534,0.73,2.16,0.34,6.6,7.97,0.828,2.49,8.6,11.09,2.32,1.53,2.57,2.16,2.12
Anthony Davis,2018,56,56,33,25.93,9.46,18.32,0.517,0.86,2.59,0.331,6.14,7.73,0.794,3.11,8.89,12,3.89,1.57,2.41,2,2.36
Anthony Davis,2019,62,62,34.4,26.1,8.89,17.68,0.503,1.16,3.52,0.33,7.16,8.47,0.846,2.29,7.02,9.31,3.23,1.47,2.31,2.48,2.52
Anthony Davis,2020,36,36,32.3,21.83,8.36,17.03,0.491,0.72,2.78,0.26,4.39,5.94,0.738,1.72,6.22,7.94,3.06,1.25,1.64,2.06,1.67
Anthony Davis,2021,40,40,35.1,23.18,9.25,17.38,0.532,0.33,1.75,0.186,4.35,6.1,0.713,2.65,7.2,9.85,3.05,1.23,2.25,2.05,2.42
Anthony Davis,2022,56,54,34,25.91,9.68,17.18,0.563,0.34,1.32,0.257,6.21,7.93,0.784,3.48,9.05,12.54,2.64,1.05,2.04,2.18,2.61
Lauri Markkanen,2017,68,68,29.7,15.19,5.5,12.68,0.434,2.13,5.9,0.362,2.06,2.44,0.843,1.16,6.31,7.47,1.16,0.57,0.59,1.22,1.51
Lauri Markkanen,2018,52,51,32.3,18.73,6.58,15.29,0.43,2.31,6.38,0.361,3.27,3.75,0.872,1.42,7.62,9.04,1.44,0.71,0.63,1.63,2.35
Lauri Markkanen,2019,50,50,29.8,14.74,5.02,11.82,0.425,2.18,6.34,0.344,2.52,3.06,0.824,1.2,5.06,6.26,1.48,0.84,0.46,1.62,1.92
Lauri Markkanen,2020,51,26,25.8,13.63,4.9,10.22,0.48,2.33,5.8,0.402,1.49,1.8,0.826,0.69,4.57,5.25,0.88,0.51,0.29,1.02,1.47
Lauri Markkanen,2021,61,61,30.8,14.75,5.13,11.52,0.445,2.23,6.23,0.358,2.26,2.61,0.868,0.97,4.69,5.66,1.33,0.74,0.49,0.89,2.13
Lauri Markkanen,2022,66,66,34.4,25.62,8.65,17.35,0.499,3.03,7.74,0.391,5.29,6.05,0.875,1.97,6.67,8.64,1.86,0.64,0.58,1.92,2.08
Julius Randle,2014,1,0,13.6,2,1,3,0.333,0,0,0,0,2,0,0,0,0,0,0,0,1,1
Julius Randle,2015,81,60,28.2,11.35,4.42,10.31,0.429,0.12,0.44,0.278,2.38,3.33,0.715,2.12,8.11,10.23,1.78,0.65,0.36,1.84,2.99
Julius Randle,2016,74,73,28.8,13.18,5.09,10.45,0.488,0.23,0.85,0.27,2.76,3.81,0.723,2.03,6.57,8.59,3.57,0.66,0.5,2.34,3.35
Julius Randle,2017,82,49,26.7,16.13,6.15,11.02,0.558,0.12,0.55,0.222,3.72,5.18,0.718,2.21,5.77,7.98,2.56,0.52,0.55,2.6,3.34
Julius Randle,2018,73,49,30.6,21.44,7.82,14.92,0.524,0.92,2.67,0.344,4.88,6.67,0.731,2.22,6.47,8.68,3.14,0.71,0.62,2.85,3.37
Julius Randle,2019,64,64,32.5,19.5,7.23,15.72,0.46,1,3.61,0.277,4.03,5.5,0.733,2.36,7.36,9.72,3.09,0.8,0.34,3.02,2.78
Julius Randle,2020,71,71,37.6,24.11,8.48,18.61,0.456,2.25,5.48,0.411,4.9,6.04,0.811,1.18,9,10.18,6.01,0.9,0.25,3.39,3.17
Julius Randle,2021,72,72,35.3,20.1,7.11,17.31,0.411,1.67,5.42,0.308,4.21,5.57,0.756,1.74,8.21,9.94,5.14,0.74,0.54,3.4,2.85
Julius Randle,2022,77,77,35.6,25.14,8.55,18.6,0.459,2.83,8.26,0.343,5.22,6.9,0.757,1.83,8.13,9.96,4.1,0.64,0.27,2.81,3.03
De'Aaron Fox,2017,73,61,27.7,11.56,4.49,10.92,0.412,0.64,2.1,0.307,1.93,2.67,0.723,0.45,2.34,2.79,4.38,0.96,0.27,2.37,2.23
De'Aaron Fox,2018,81,81,31.4,17.27,6.23,13.6,0.458,1.06,2.86,0.371,3.74,5.15,0.727,0.53,3.22,3.75,7.28,1.64,0.56,2.8,2.52
De'Aaron Fox,2019,51,49,32,21.12,7.67,15.98,0.48,1.06,3.63,0.292,4.73,6.71,0.705,0.69,3.16,3.84,6.82,1.45,0.49,3.1,2.84
De'Aaron Fox,2020,58,58,35.1,25.19,9.12,19.14,0.477,1.78,5.52,0.322,5.17,7.19,0.719,0.57,2.93,3.5,7.19,1.5,0.47,3,2.93
De'Aaron Fox,2021,59,59,35.3,23.17,8.75,18.51,0.473,1.25,4.22,0.297,4.42,5.9,0.75,0.42,3.49,3.92,5.59,1.15,0.42,2.85,2.92
De'Aaron Fox,2022,73,73,33.4,25.01,9.34,18.23,0.512,1.63,5.03,0.324,4.7,6.03,0.78,0.55,3.64,4.19,6.12,1.14,0.32,2.48,2.36
Zach LaVine,2014,77,40,24.7,10.1,3.71,8.79,0.422,0.74,2.17,0.341,1.94,2.3,0.842,0.35,2.43,2.78,3.58,0.7,0.13,2.51,2.05
Zach LaVine,2015,82,33,28,14.02,5.28,11.7,0.452,1.5,3.85,0.389,1.96,2.48,0.793,0.33,2.45,2.78,3.06,0.84,0.21,1.89,2.35
Zach LaVine,2016,47,47,37.2,18.91,6.94,15.11,0.459,2.55,6.6,0.387,2.49,2.98,0.836,0.4,3,3.4,2.96,0.87,0.21,1.81,2.21
Zach LaVine,2017,24,24,27.3,16.71,5.67,14.79,0.383,1.75,5.12,0.341,3.62,4.46,0.813,0.38,3.54,3.92,3,1,0.17,1.79,2.29
Zach LaVine,2018,63,62,34.5,23.68,8.41,18.02,0.467,1.9,5.1,0.374,4.95,5.95,0.832,0.63,4.03,4.67,4.49,0.95,0.41,3.41,2.22
Zach LaVine,2019,60,60,34.8,25.5,8.98,19.98,0.45,3.07,8.07,0.38,4.47,5.57,0.802,0.68,4.13,4.82,4.23,1.47,0.47,3.43,2.18
Zach LaVine,2020,58,58,35.1,27.43,9.81,19.36,0.507,3.45,8.22,0.419,4.36,5.14,0.849,0.62,4.36,4.98,4.86,0.79,0.47,3.5,2.38
Zach LaVine,2021,67,67,34.7,24.4,8.43,17.7,0.476,2.76,7.09,0.389,4.78,5.6,0.853,0.33,4.27,4.6,4.52,0.61,0.34,2.55,1.79
Zach LaVine,2022,77,77,36,24.84,8.74,18.03,0.485,2.65,7.06,0.375,4.71,5.56,0.848,0.55,3.94,4.48,4.25,0.9,0.23,2.52,2.06
Anthony Edwards,2020,72,55,32.1,19.33,7.01,16.82,0.417,2.38,7.22,0.329,2.93,3.78,0.776,0.82,3.85,4.67,2.93,1.14,0.5,2.22,1.79
Anthony Edwards,2021,72,72,34.2,21.29,7.62,17.29,0.441,2.99,8.36,0.357,3.06,3.89,0.786,0.86,3.9,4.76,3.82,1.46,0.64,2.64,2.28
Anthony Edwards,2022,79,79,36,24.63,8.95,19.51,0.459,2.7,7.32,0.369,4.04,5.34,0.756,0.59,5.2,5.8,4.43,1.58,0.73,3.28,2.35
DeMar DeRozan,2009,77,65,21.6,8.6,3.31,6.65,0.498,0.05,0.21,0.25,1.92,2.52,0.763,0.86,2.04,2.9,0.69,0.56,0.23,0.81,2.29
DeMar DeRozan,2010,82,82,34.8,17.2,6.57,14.07,0.467,0.06,0.63,0.096,3.99,4.9,0.813,0.91,2.93,3.84,1.8,1.04,0.38,1.76,2.65
DeMar DeRozan,2011,63,63,35,16.73,6.05,14.33,0.422,0.38,1.46,0.261,4.25,5.25,0.81,0.63,2.71,3.35,2.03,0.76,0.27,1.95,2.57
DeMar DeRozan,2012,82,82,36.7,18.11,6.68,15.01,0.445,0.41,1.46,0.283,4.33,5.21,0.831,0.59,3.32,3.9,2.49,0.93,0.29,1.84,2.11
DeMar DeRozan,2013,79,79,38.2,22.67,7.65,17.81,0.429,0.81,2.66,0.305,6.57,7.97,0.824,0.65,3.7,4.34,3.96,1.09,0.35,2.23,2.49
DeMar DeRozan,2014,60,60,35,20.07,6.82,16.5,0.413,0.42,1.47,0.284,6.02,7.23,0.832,0.68,3.93,4.62,3.5,1.22,0.18,2.28,2.03
DeMar DeRozan,2015,78,78,35.9,23.46,7.87,17.65,0.446,0.6,1.78,0.338,7.12,8.37,0.85,0.82,3.65,4.47,4.04,1.04,0.27,2.24,2.14
DeMar DeRozan,2016,74,74,35.4,27.3,9.74,20.88,0.467,0.45,1.68,0.266,7.36,8.74,0.842,0.95,4.27,5.22,3.92,1.05,0.18,2.43,1.81
DeMar DeRozan,2017,80,80,33.9,23,8.06,17.66,0.456,1.11,3.59,0.31,5.76,6.99,0.825,0.74,3.2,3.94,5.21,1.06,0.28,2.19,1.89
DeMar DeRozan,2018,77,77,34.9,21.23,8.19,17.05,0.481,0.09,0.58,0.156,4.75,5.73,0.83,0.7,5.3,6,6.17,1.12,0.47,2.58,2.3
DeMar DeRozan,2019,68,68,34.1,22.12,8.19,15.43,0.531,0.13,0.51,0.257,5.6,6.63,0.845,0.65,4.87,5.51,5.59,1.03,0.29,2.41,2.65
DeMar DeRozan,2020,61,61,33.7,21.57,7.46,15.08,0.495,0.31,1.21,0.257,6.34,7.21,0.88,0.66,3.59,4.25,6.92,0.92,0.25,1.95,2.1
DeMar DeRozan,2021,76,76,36.1,27.87,10.18,20.2,0.504,0.66,1.87,0.352,6.84,7.8,0.877,0.74,4.42,5.16,4.92,0.89,0.32,2.38,2.34
DeMar DeRozan,2022,74,74,36.2,24.54,8.88,17.61,0.504,0.62,1.92,0.324,6.16,7.07,0.872,0.46,4.18,4.64,5.09,1.12,0.49,2.07,2.51
Nikola Jokic,2015,80,55,21.7,9.95,3.84,7.5,0.512,0.35,1.05,0.333,1.93,2.38,0.811,2.26,4.74,7,2.36,0.99,0.62,1.3,2.6
Nikola Jokic,2016,73,59,27.9,16.73,6.77,11.7,0.578,0.62,1.9,0.324,2.58,3.12,0.825,2.9,6.93,9.84,4.92,0.84,0.75,2.34,2.93
Nikola Jokic,2017,75,73,32.5,18.47,6.72,13.47,0.499,1.48,3.73,0.396,3.55,4.17,0.85,2.6,8.11,10.71,6.11,1.2,0.81,2.8,2.83
Nikola Jokic,2018,80,80,31.3,20.05,7.7,15.07,0.511,1.04,3.38,0.307,3.61,4.4,0.821,2.85,7.96,10.81,7.25,1.35,0.69,3.1,2.85
Nikola Jokic,2019,73,73,32,19.95,7.74,14.67,0.528,1.1,3.49,0.314,3.37,4.12,0.817,2.27,7.47,9.74,7.01,1.16,0.6,3.1,3.04
Nikola Jokic,2020,72,72,34.6,26.36,10.17,17.96,0.566,1.28,3.29,0.388,4.75,5.47,0.868,2.85,7.99,10.83,8.32,1.32,0.67,3.08,2.67
Nikola Jokic,2021,74,74,33.5,27.08,10.32,17.72,0.583,1.31,3.89,0.337,5.12,6.32,0.81,2.78,10.99,13.77,7.89,1.47,0.85,3.8,2.58
Nikola Jokic,2022,69,69,33.7,24.49,9.36,14.81,0.632,0.83,2.16,0.383,4.94,6.01,0.822,2.42,9.42,11.84,9.83,1.26,0.68,3.58,2.52
Pascal Siakam,2016,55,38,15.6,4.16,1.87,3.73,0.502,0.02,0.13,0.143,0.4,0.58,0.688,1.16,2.2,3.36,0.31,0.47,0.82,0.6,1.98
Pascal Siakam,2017,81,5,20.7,7.27,3.12,6.15,0.508,0.36,1.63,0.22,0.67,1.07,0.621,0.98,3.52,4.49,1.96,0.77,0.52,0.83,2.05
Pascal Siakam,2018,80,79,31.8,16.93,6.49,11.81,0.549,0.99,2.67,0.369,2.96,3.77,0.785,1.55,5.31,6.86,3.1,0.91,0.65,1.93,3.01
Pascal Siakam,2019,60,60,35.2,22.85,8.33,18.4,0.453,2.18,6.08,0.359,4,5.05,0.792,1.07,6.25,7.32,3.45,1.02,0.88,2.47,2.83
Pascal Siakam,2020,56,56,35.8,21.36,7.8,17.16,0.455,1.3,4.39,0.297,4.45,5.38,0.827,1.7,5.54,7.23,4.46,1.14,0.66,2.32,3.11
Pascal Siakam,2021,68,68,37.9,22.81,8.76,17.75,0.494,1.1,3.21,0.344,4.18,5.57,0.749,1.88,6.65,8.53,5.29,1.25,0.62,2.66,3.31
Pascal Siakam,2022,71,71,37.4,24.23,8.87,18.49,0.48,1.31,4.04,0.324,5.17,6.68,0.774,1.85,5.99,7.83,5.85,0.92,0.51,2.38,3.21
Jalen Brunson,2018,73,38,21.8,9.29,3.62,7.74,0.467,0.86,2.48,0.348,1.19,1.64,0.725,0.34,1.97,2.32,3.15,0.51,0.05,1.21,1.74
Jalen Brunson,2019,57,16,17.9,8.18,3.18,6.81,0.466,0.75,2.11,0.358,1.07,1.32,0.813,0.39,1.96,2.35,3.3,0.39,0.07,1.16,1.3
Jalen Brunson,2020,68,12,25,12.6,4.82,9.22,0.523,1.19,2.94,0.405,1.76,2.22,0.795,0.4,3,3.4,3.51,0.51,0.01,1.18,1.6
Jalen Brunson,2021,79,61,31.9,16.27,6.41,12.76,0.502,1.19,3.19,0.373,2.27,2.7,0.84,0.54,3.37,3.91,4.77,0.84,0.04,1.57,1.91
Jalen Brunson,2022,68,68,35,24.01,8.63,17.57,0.491,1.97,4.74,0.416,4.78,5.76,0.829,0.59,2.96,3.54,6.19,0.9,0.22,2.09,2.24
Keldon Johnson,2019,17,1,17.7,9.06,3.12,5.24,0.596,0.76,1.29,0.591,2.06,2.59,0.795,0.59,2.76,3.35,0.88,0.82,0.12,0.76,1.65
Keldon Johnson,2020,69,67,28.5,12.77,4.9,10.22,0.479,0.87,2.62,0.331,2.1,2.84,0.74,1.35,4.62,5.97,1.75,0.58,0.35,1.13,2.06
Keldon Johnson,2021,75,74,31.9,17.04,6.28,13.48,0.466,2.12,5.32,0.398,2.36,3.12,0.756,1.07,5.03,6.09,2.11,0.77,0.19,1.23,1.97
Keldon Johnson,2022,63,63,32.7,21.98,7.98,17.67,0.452,2.13,6.46,0.329,3.89,5.19,0.749,0.89,4.16,5.05,2.9,0.73,0.17,2.13,1.98
Klay Thompson,2011,66,29,24.4,12.52,4.82,10.88,0.443,1.68,4.06,0.414,1.2,1.38,0.868,0.36,2.08,2.44,2.02,0.74,0.3,1.56,2.35
Klay Thompson,2012,82,82,35.8,16.57,6.2,14.7,0.422,2.57,6.41,0.401,1.61,1.91,0.841,0.39,3.34,3.73,2.23,1.05,0.55,1.91,2.89
Klay Thompson,2013,81,81,35.4,18.37,6.9,15.54,0.444,2.75,6.6,0.417,1.81,2.28,0.795,0.47,2.6,3.07,2.23,0.91,0.46,1.67,2.89
Klay Thompson,2014,77,77,31.9,21.66,7.82,16.87,0.463,3.1,7.08,0.439,2.92,3.32,0.879,0.35,2.86,3.21,2.88,1.13,0.78,1.94,1.58
Klay Thompson,2015,80,80,33.3,22.14,8.14,17.32,0.47,3.45,8.12,0.425,2.41,2.76,0.873,0.44,3.39,3.83,2.08,0.75,0.61,1.73,1.9
Klay Thompson,2016,78,78,34,22.33,8.26,17.64,0.468,3.44,8.29,0.414,2.38,2.79,0.853,0.63,3.03,3.65,2.05,0.85,0.51,1.64,1.78
Klay Thompson,2017,73,73,34.3,20.01,7.88,16.14,0.488,3.14,7.12,0.44,1.12,1.34,0.837,0.42,3.37,3.79,2.53,0.75,0.47,1.75,1.6
Klay Thompson,2018,78,78,34,21.54,8.4,17.97,0.467,3.09,7.68,0.402,1.65,2.03,0.816,0.47,3.36,3.83,2.38,1.08,0.6,1.47,2.01
Klay Thompson,2021,32,32,29.4,20.38,7.69,17.91,0.429,3.56,9.25,0.385,1.44,1.59,0.902,0.47,3.44,3.91,2.75,0.5,0.53,1.34,1.69
Klay Thompson,2022,69,69,33,21.87,7.91,18.14,0.436,4.36,10.59,0.412,1.68,1.91,0.879,0.57,3.58,4.14,2.36,0.71,0.42,1.78,1.88
Darius Garland,2019,59,59,30.9,12.34,4.75,11.85,0.401,1.78,5.02,0.355,1.07,1.22,0.875,0.46,1.42,1.88,3.88,0.71,0.07,2.56,1.56
Darius Garland,2020,54,50,33.1,17.43,6.7,14.85,0.451,1.94,4.93,0.395,2.07,2.44,0.848,0.43,1.96,2.39,6.09,1.22,0.11,3.04,2.04
Darius Garland,2021,68,68,35.7,21.66,7.97,17.25,0.462,2.56,6.68,0.383,3.16,3.54,0.892,0.57,2.72,3.29,8.57,1.31,0.1,3.65,1.69
Darius Garland,2022,69,69,35.5,21.59,7.57,16.36,0.462,2.45,5.97,0.41,4.01,4.65,0.863,0.41,2.28,2.68,7.8,1.23,0.13,2.88,2.14
Bojan Bogdanovic,2014,78,28,23.8,8.97,3.35,7.38,0.453,1.17,3.28,0.355,1.12,1.36,0.821,0.64,2.09,2.73,0.87,0.44,0.12,1,1.33
Bojan Bogdanovic,2015,79,39,26.8,11.23,4.1,9.48,0.433,1.63,4.28,0.382,1.39,1.67,0.833,0.46,2.77,3.23,1.25,0.37,0.06,1.46,1.51
Bojan Bogdanovic,2016,81,54,25.7,13.74,4.64,10.43,0.445,1.78,4.84,0.367,2.68,3,0.893,0.46,2.96,3.42,1.37,0.42,0.09,1.62,1.8
Bojan Bogdanovic,2017,80,80,30.8,14.26,5.05,10.65,0.474,1.94,4.83,0.402,2.23,2.56,0.868,0.38,3,3.38,1.49,0.69,0.1,1.32,1.61
Bojan Bogdanovic,2018,81,81,31.8,17.95,6.44,12.98,0.497,2.02,4.77,0.425,3.04,3.77,0.807,0.41,3.7,4.11,1.99,0.85,0.01,1.65,1.7
Bojan Bogdanovic,2019,63,63,33.1,20.24,6.63,14.84,0.447,3,7.25,0.414,3.97,4.4,0.903,0.62,3.49,4.11,2.08,0.54,0.11,2.52,1.75
Bojan Bogdanovic,2020,72,72,30.8,17.01,5.64,12.85,0.439,2.5,6.4,0.39,3.24,3.68,0.879,0.56,3.35,3.9,1.89,0.62,0.06,1.78,1.6
Bojan Bogdanovic,2021,69,69,30.9,18.09,6.12,13.45,0.455,2.62,6.78,0.387,3.23,3.77,0.858,0.84,3.45,4.29,1.74,0.49,0.01,1.71,1.68
Bojan Bogdanovic,2022,59,59,32.1,21.58,7.29,14.95,0.488,2.46,5.98,0.411,4.54,5.14,0.884,0.61,3.17,3.78,2.58,0.58,0.14,2.29,1.92
Desmond Bane,2020,68,17,22.3,9.19,3.44,7.34,0.469,1.72,3.99,0.432,0.59,0.72,0.816,0.46,2.63,3.09,1.74,0.6,0.24,0.87,1.84
Desmond Bane,2021,76,76,29.8,18.21,6.68,14.49,0.461,3,6.88,0.436,1.84,2.04,0.903,0.61,3.79,4.39,2.74,1.21,0.38,1.46,2.58
Desmond Bane,2022,58,58,31.8,21.5,7.76,16.19,0.479,2.86,7.02,0.408,3.12,3.53,0.883,0.74,4.28,5.02,4.38,0.97,0.38,2.17,2.59
Kyle Kuzma,2017,77,37,31.2,16.13,6.08,13.49,0.45,2.06,5.64,0.366,1.91,2.7,0.707,1.14,5.13,6.27,1.83,0.64,0.44,1.82,2.08
Kyle Kuzma,2018,70,68,33.1,18.69,7.09,15.53,0.456,1.83,6.03,0.303,2.69,3.57,0.752,0.86,4.6,5.46,2.54,0.59,0.37,1.9,2.43
Kyle Kuzma,2019,61,9,25,12.82,4.77,10.95,0.436,1.41,4.46,0.316,1.87,2.54,0.735,0.85,3.62,4.48,1.31,0.46,0.43,1.49,2.07
Kyle Kuzma,2020,68,32,28.7,12.85,4.93,11.13,0.443,2.01,5.59,0.361,0.99,1.43,0.691,1.59,4.54,6.13,1.87,0.51,0.6,1.66,1.78
Kyle Kuzma,2021,66,66,33.4,17.12,6.41,14.18,0.452,1.94,5.68,0.341,2.36,3.32,0.712,1.06,7.44,8.5,3.53,0.64,0.86,2.56,1.94
Kyle Kuzma,2022,64,64,35,21.2,8,17.84,0.448,2.5,7.52,0.333,2.7,3.7,0.73,0.86,6.38,7.23,3.73,0.56,0.45,2.97,2.27
Terry Rozier,2015,39,0,8,1.85,0.74,2.72,0.274,0.15,0.69,0.222,0.21,0.26,0.8,0.62,1,1.62,0.95,0.15,0.03,0.49,0.59
Terry Rozier,2016,74,0,17.1,5.54,2.04,5.55,0.367,0.77,2.42,0.318,0.69,0.89,0.773,0.54,2.53,3.07,1.77,0.62,0.15,0.64,0.93
Terry Rozier,2017,80,16,25.9,11.25,3.95,10,0.395,1.91,5.03,0.381,1.44,1.86,0.772,0.79,3.91,4.7,2.9,1,0.24,1,1.54
Terry Rozier,2018,79,14,22.7,8.96,3.27,8.43,0.387,1.51,4.27,0.353,0.92,1.18,0.785,0.41,3.48,3.89,2.92,0.86,0.27,0.86,1.28
Terry Rozier,2019,63,63,34.4,18,6.32,14.94,0.423,2.73,6.71,0.407,2.63,3.02,0.874,0.79,3.59,4.38,4.11,0.97,0.16,2.24,2
Terry Rozier,2020,69,69,34.5,20.39,7.39,16.43,0.45,3.22,8.28,0.389,2.39,2.93,0.817,0.68,3.7,4.38,4.25,1.26,0.38,1.86,1.72
Terry Rozier,2021,73,73,33.7,19.29,7.1,15.99,0.444,3.04,8.12,0.374,2.05,2.41,0.852,0.77,3.55,4.32,4.47,1.27,0.34,1.32,1.63
Terry Rozier,2022,63,63,35.3,21.1,7.83,18.86,0.415,2.62,8.02,0.327,2.83,3.49,0.809,0.81,3.3,4.11,5.06,1.17,0.25,2.13,1.89
Anfernee Simons,2018,20,1,7,3.75,1.4,3.15,0.444,0.5,1.45,0.345,0.45,0.8,0.563,0.15,0.5,0.65,0.65,0.05,0,0.55,0.45
Anfernee Simons,2019,70,4,20.7,8.27,3.06,7.66,0.399,1.07,3.23,0.332,1.09,1.31,0.826,0.36,1.81,2.17,1.39,0.37,0.14,0.87,1.93
Anfernee Simons,2020,64,0,17.3,7.84,2.62,6.27,0.419,1.88,4.41,0.426,0.72,0.89,0.807,0.22,1.97,2.19,1.39,0.28,0.12,0.67,1.5
Anfernee Simons,2021,57,30,29.5,17.33,6.19,13.98,0.443,3.14,7.75,0.405,1.81,2.04,0.888,0.46,2.19,2.65,3.88,0.53,0.11,2.02,1.93
Anfernee Simons,2022,62,62,35,21.06,7.53,16.85,0.447,3.42,9.06,0.377,2.58,2.89,0.894,0.29,2.31,2.6,4.08,0.68,0.23,2.06,2.29
James Harden,2009,76,0,22.9,9.91,3.07,7.61,0.403,1.22,3.26,0.375,2.55,3.16,0.808,0.62,2.59,3.21,1.8,1.05,0.26,1.39,2.63
James Harden,2010,82,5,26.7,12.17,3.63,8.34,0.436,1.38,3.95,0.349,3.52,4.18,0.843,0.51,2.6,3.11,2.15,1.12,0.29,1.29,2.52
James Harden,2011,62,2,31.4,16.84,4.98,10.15,0.491,1.84,4.71,0.39,5.03,5.95,0.846,0.48,3.58,4.06,3.69,1,0.24,2.21,2.42
James Harden,2012,78,78,38.3,25.94,7.5,17.14,0.438,2.29,6.23,0.368,8.64,10.15,0.851,0.79,4.06,4.86,5.83,1.82,0.49,3.78,2.28
James Harden,2013,73,73,38,25.36,7.52,16.51,0.456,2.42,6.62,0.366,7.89,9.11,0.866,0.84,3.88,4.71,6.11,1.58,0.4,3.63,2.42
James Harden,2014,81,81,36.8,27.37,7.99,18.15,0.44,2.57,6.85,0.375,8.83,10.17,0.868,0.93,4.74,5.67,6.98,1.9,0.74,3.96,2.57
James Harden,2015,82,82,38.1,28.98,8.66,19.72,0.439,2.88,8.01,0.359,8.78,10.21,0.86,0.77,5.34,6.11,7.46,1.7,0.62,4.56,2.79
James Harden,2016,81,81,36.4,29.09,8.32,18.93,0.44,3.23,9.33,0.347,9.21,10.88,0.847,1.17,6.96,8.14,11.2,1.49,0.47,5.73,2.65
James Harden,2017,72,72,35.4,30.43,9.04,20.12,0.449,3.68,10.03,0.367,8.67,10.1,0.858,0.57,4.83,5.4,8.75,1.75,0.69,4.38,2.35
James Harden,2018,78,78,36.8,36.13,10.81,24.47,0.442,4.85,13.18,0.368,9.67,11,0.879,0.85,5.79,6.64,7.51,2.03,0.74,4.96,3.13
James Harden,2019,68,68,36.5,34.34,9.88,22.26,0.444,4.4,12.4,0.355,10.18,11.76,0.865,1.03,5.53,6.56,7.53,1.84,0.88,4.53,3.34
James Harden,2020,44,43,36.6,24.61,7.77,16.68,0.466,2.75,7.59,0.362,6.32,7.34,0.861,0.8,7.11,7.91,10.8,1.2,0.75,4.02,2.25
James Harden,2021,65,65,37.2,22.03,6.26,15.26,0.41,2.28,6.89,0.33,7.23,8.25,0.877,0.85,6.85,7.69,10.26,1.26,0.55,4.37,2.35
James Harden,2022,58,58,36.8,20.97,6.4,14.52,0.441,2.78,7.21,0.385,5.4,6.22,0.867,0.69,5.41,6.1,10.66,1.22,0.53,3.36,1.93
Jordan Clarkson,2014,59,38,25,11.92,4.53,10.1,0.448,0.64,2.05,0.314,2.22,2.68,0.829,0.95,2.29,3.24,3.49,0.86,0.2,1.63,1.85
Jordan Clarkson,2015,79,79,32.3,15.51,6.01,13.9,0.433,1.41,4.05,0.347,2.08,2.58,0.804,1.18,2.78,3.96,2.43,1.11,0.09,1.71,2.13
Jordan Clarkson,2016,82,19,29.2,14.7,5.82,13.06,0.445,1.43,4.34,0.329,1.63,2.05,0.798,0.6,2.4,3,2.6,1.07,0.1,2,1.83
Jordan Clarkson,2017,81,2,23.3,13.88,5.31,11.78,0.451,1.38,3.93,0.352,1.88,2.35,0.8,0.7,1.98,2.68,2.73,0.72,0.07,1.57,1.32
Jordan Clarkson,2019,71,2,24,15.18,5.55,12.21,0.454,2.14,5.82,0.368,1.94,2.32,0.836,0.7,1.93,2.63,1.92,0.65,0.23,1.37,1.52
Jordan Clarkson,2020,68,1,26.7,18.4,6.72,15.81,0.425,3.06,8.81,0.347,1.9,2.12,0.896,0.69,3.34,4.03,2.47,0.9,0.15,1.69,1.62
Jordan Clarkson,2021,79,1,27.1,16.03,5.9,14.09,0.419,2.41,7.56,0.318,1.82,2.2,0.828,0.85,2.61,3.46,2.46,0.84,0.2,1.63,1.89
Jordan Clarkson,2022,61,61,32.6,20.84,7.51,16.9,0.444,2.54,7.52,0.338,3.28,4.02,0.816,1.18,2.85,4.03,4.43,0.54,0.21,3.05,1.97
Jerami Grant,2014,65,11,21.2,6.32,1.91,5.42,0.352,0.75,2.4,0.314,1.75,2.97,0.591,0.75,2.29,3.05,1.22,0.62,1.05,1.31,2.22
Jerami Grant,2015,77,52,26.8,9.73,3.26,7.78,0.419,0.45,1.9,0.24,2.75,4.18,0.658,1.29,3.4,4.69,1.75,0.7,1.65,1.43,2.79
Jerami Grant,2016,80,4,19.1,5.46,1.9,4.1,0.463,0.54,1.45,0.371,1.12,1.84,0.612,0.47,2.09,2.56,0.57,0.41,0.99,0.55,1.86
Jerami Grant,2017,81,1,20.3,8.42,3.01,5.63,0.535,0.4,1.36,0.291,2,2.96,0.675,1.06,2.88,3.94,0.7,0.38,0.95,0.67,1.91
Jerami Grant,2018,80,77,32.7,13.62,5.11,10.29,0.497,1.44,3.66,0.392,1.96,2.76,0.71,1.2,4.01,5.21,0.99,0.76,1.25,0.84,2.67
Jerami Grant,2019,71,24,26.6,11.99,4.27,8.93,0.478,1.38,3.55,0.389,2.07,2.76,0.75,0.82,2.68,3.49,1.24,0.7,0.8,0.89,2.17
Jerami Grant,2020,54,54,33.9,22.31,7.41,17.26,0.429,2.13,6.09,0.35,5.37,6.35,0.845,0.65,3.98,4.63,2.81,0.65,1.07,2.02,2.31
Jerami Grant,2021,47,47,31.9,19.23,6.34,14.87,0.426,1.94,5.4,0.358,4.62,5.51,0.838,0.6,3.47,4.06,2.36,0.94,1.04,1.81,2.28
Jerami Grant,2022,63,63,35.6,20.48,6.89,14.49,0.475,2.29,5.7,0.401,4.41,5.43,0.813,0.84,3.65,4.49,2.38,0.81,0.84,1.84,2.41
Kristaps Porzingis,2015,72,72,28.4,14.28,5.18,12.31,0.421,1.12,3.38,0.333,2.79,3.33,0.838,1.83,5.47,7.31,1.29,0.74,1.86,1.68,2.85
Kristaps Porzingis,2016,66,65,32.8,18.12,6.71,14.92,0.45,1.7,4.76,0.357,3,3.82,0.786,1.68,5.52,7.2,1.47,0.71,1.95,1.79,3.7
Kristaps Porzingis,2017,48,48,32.4,22.67,8.12,18.52,0.439,1.88,4.75,0.395,4.54,5.73,0.793,1.29,5.29,6.58,1.19,0.75,2.4,1.94,2.94
Kristaps Porzingis,2019,57,57,31.8,20.42,6.98,16.35,0.427,2.49,7.07,0.352,3.96,4.96,0.799,1.75,7.72,9.47,1.79,0.72,2.02,1.61,3.25
Kristaps Porzingis,2020,43,43,30.9,20.12,7.56,15.88,0.476,2.26,6,0.376,2.74,3.21,0.855,1.91,6.95,8.86,1.58,0.47,1.35,1.19,2.67
Kristaps Porzingis,2021,51,51,29,20.2,6.9,15.04,0.459,1.53,4.94,0.31,4.86,5.61,0.867,2,6.06,8.06,2.33,0.73,1.65,1.59,2.69
Kristaps Porzingis,2022,65,65,32.6,23.15,7.8,15.66,0.498,2.11,5.48,0.385,5.45,6.4,0.851,1.75,6.65,8.4,2.68,0.89,1.54,2.11,3.02
Jimmy Butler,2011,42,0,8.5,2.6,0.76,1.88,0.405,0.05,0.26,0.182,1.02,1.33,0.768,0.55,0.79,1.33,0.33,0.26,0.12,0.33,0.48
Jimmy Butler,2012,82,20,26,8.6,2.91,6.24,0.467,0.49,1.28,0.381,2.28,2.84,0.803,1.66,2.34,4,1.4,0.95,0.38,0.76,1.18
Jimmy Butler,2013,67,67,38.7,13.1,4.1,10.34,0.397,1.01,3.58,0.283,3.88,5.04,0.769,1.3,3.63,4.93,2.61,1.9,0.54,1.52,1.58
Jimmy Butler,2014,65,65,38.7,20.02,6.48,14.03,0.462,1.12,2.97,0.378,5.94,7.12,0.834,1.75,4.08,5.83,3.26,1.75,0.55,1.43,1.66
Jimmy Butler,2015,67,67,36.9,20.88,7.01,15.43,0.455,0.96,3.07,0.311,5.9,7.09,0.832,1.18,4.16,5.34,4.79,1.64,0.64,1.97,1.85
Jimmy Butler,2016,76,75,37,23.89,7.5,16.47,0.455,1.2,3.26,0.367,7.7,8.89,0.865,1.7,4.49,6.18,5.49,1.88,0.42,2.09,1.47
Jimmy Butler,2017,59,59,36.7,22.15,7.41,15.61,0.474,1.19,3.39,0.35,6.15,7.2,0.854,1.34,3.98,5.32,4.88,1.97,0.41,1.83,1.32
Jimmy Butler,2018,10,10,36.1,21.3,7.4,15.7,0.471,1.7,4.5,0.378,4.8,6.1,0.787,1.6,3.6,5.2,4.3,2.4,1,1.4,1.8
Jimmy Butler,2019,58,58,33.8,19.95,5.95,13.07,0.455,0.5,2.05,0.244,7.55,9.05,0.834,1.83,4.83,6.66,6.03,1.78,0.55,2.19,1.4
Jimmy Butler,2020,52,52,33.6,21.46,7.04,14.15,0.497,0.48,1.96,0.245,6.9,8,0.863,1.81,5.1,6.9,7.1,2.08,0.35,2.1,1.37
Jimmy Butler,2021,57,57,33.9,21.39,6.98,14.54,0.48,0.47,2.04,0.233,6.95,7.98,0.87,1.79,4.11,5.89,5.47,1.65,0.47,2.12,1.54
Jimmy Butler,2022,64,64,33.4,22.91,7.48,13.88,0.539,0.56,1.61,0.35,7.38,8.67,0.85,2.2,3.66,5.86,5.31,1.83,0.33,1.58,1.25
Jalen Green,2021,67,67,31.9,17.27,6.06,14.24,0.426,2.34,6.84,0.343,2.81,3.52,0.797,0.49,2.88,3.37,2.63,0.66,0.27,2.01,1.54
Jalen Green,2022,76,76,34.2,22.14,7.45,17.88,0.416,2.46,7.29,0.338,4.79,6.09,0.786,0.57,3.17,3.74,3.7,0.78,0.24,2.63,1.72
C.J. McCollum,2013,38,0,12.5,5.29,1.95,4.68,0.416,0.79,2.11,0.375,0.61,0.89,0.676,0.18,1.08,1.26,0.71,0.37,0.05,0.92,1.39
C.J. McCollum,2014,62,3,15.7,6.84,2.56,5.89,0.436,0.89,2.24,0.396,0.82,1.18,0.699,0.23,1.24,1.47,1.03,0.69,0.13,0.77,1.31
C.J. McCollum,2015,80,80,34.7,20.82,8.01,17.89,0.448,2.46,5.9,0.417,2.34,2.83,0.827,0.59,2.65,3.24,4.26,1.21,0.29,2.45,2.34
C.J. McCollum,2016,80,80,34.9,22.96,8.65,18.01,0.48,2.31,5.49,0.421,3.35,3.67,0.912,0.75,2.86,3.61,3.56,0.9,0.53,2.15,2.52
C.J. McCollum,2017,81,81,36.1,21.38,8.23,18.58,0.443,2.33,5.88,0.397,2.58,3.09,0.836,0.65,3.31,3.96,3.36,0.95,0.43,1.86,2.07
C.J. McCollum,2018,70,70,33.9,20.97,8.16,17.76,0.459,2.39,6.36,0.375,2.27,2.74,0.828,0.89,3.14,4.03,2.96,0.79,0.4,1.51,2.46
C.J. McCollum,2019,70,70,36.5,22.23,8.73,19.37,0.451,2.77,7.31,0.379,2,2.64,0.757,0.66,3.59,4.24,4.43,0.77,0.6,1.81,2.61
C.J. McCollum,2020,47,47,34,23.13,8.62,18.81,0.458,3.6,8.94,0.402,2.3,2.83,0.812,0.64,3.3,3.94,4.74,0.94,0.45,1.38,1.85
C.J. McCollum,2021,62,62,34.6,22.1,8.65,18.77,0.46,2.94,7.56,0.388,1.87,2.74,0.682,0.85,3.48,4.34,5.08,1.13,0.35,2.05,1.95
C.J. McCollum,2022,75,75,35.3,20.91,7.83,17.92,0.437,2.81,7.24,0.389,2.44,3.17,0.769,0.73,3.64,4.37,5.72,0.93,0.51,2.44,2.04
