Player,Year,GP,GS,MIN,PTS,FGM,FGA,FG%,3PM,3PA,3P%,FTM,FTA,FT%,OFF,DEF,TRB,AST,STL,BLK,TOV,PF
Joel Embiid,2016-17,31,31,25.4,20.23,6.45,13.84,0.466,1.16,3.16,0.367,6.16,7.87,0.783,1.97,5.87,7.84,2.13,0.87,2.45,3.77,3.61
Luka Doncic,2017-18,63,63,30.4,22.94,8.1,16.76,0.483,1.05,3.4,0.308,5.7,7.41,0.769,2.27,8.68,10.95,3.16,0.63,1.76,3.71,3.32
Damian Lillard,2018-19,64,64,33.7,27.52,9.06,18.73,0.484,1.23,4.11,0.3,8.16,10.14,0.804,2.5,11.09,13.59,3.66,0.72,1.91,3.53,3.3
Shai Gilgeous-Alexander,2019-20,51,51,29.5,22.98,7.49,15.71,0.477,1.12,3.37,0.331,6.88,8.53,0.807,2.76,8.86,11.63,2.98,0.88,1.27,3.12,3.41
Giannis Antetokounmpo,2020-21,51,51,31.1,28.45,9.04,17.63,0.513,1.14,3.02,0.377,9.24,10.75,0.859,2.22,8.35,10.57,2.84,0.98,1.35,3.12,2.41
Jayson Tatum,2021-22,68,68,33.8,30.57,9.79,19.62,0.499,1.37,3.69,0.371,9.62,11.81,0.814,2.15,9.56,11.71,4.18,1.13,1.46,3.15,2.66
Stephen Curry,2022-23,66,66,34.6,33.08,11.03,20.12,0.548,1,3.03,0.33,10.02,11.68,0.857,1.71,8.44,10.15,4.15,1,1.7,3.42,3.11
Joel Embiid,2018-19,72,72,32.2,21.19,7.03,16.47,0.427,2.33,7.14,0.327,4.81,6.74,0.713,1.19,6.62,7.82,5.96,1.07,0.35,3.43,1.9
Luka Doncic,2019-20,61,61,33.6,28.84,9.52,20.57,0.463,2.8,8.87,0.316,6.98,9.21,0.758,1.28,8.11,9.39,8.82,1,0.23,4.26,2.51
Damian Lillard,2020-21,66,66,34.3,27.73,9.8,20.47,0.479,2.91,8.3,0.35,5.21,7.14,0.73,0.82,7.17,7.98,8.59,0.97,0.55,4.26,2.3
Shai Gilgeous-Alexander,2021-22,65,65,35.4,28.42,9.86,21.58,0.457,3.09,8.75,0.353,5.6,7.52,0.744,0.86,8.26,9.12,8.74,1.15,0.55,4.49,2.23
Giannis Antetokounmpo,2022-23,66,66,36.2,32.39,10.89,21.95,0.496,2.8,8.2,0.342,7.8,10.52,0.742,0.82,7.8,8.62,8.02,1.36,0.5,3.58,2.52
Joel Embiid,2012-13,82,82,38.6,19.05,6.74,15.71,0.429,2.26,6.13,0.368,3.3,3.91,0.844,0.51,2.62,3.13,6.48,0.9,0.23,2.96,2.1
Luka Doncic,2013-14,82,82,35.8,20.67,6.74,15.9,0.424,2.66,6.76,0.394,4.52,5.2,0.871,0.43,3.09,3.51,5.57,0.78,0.27,2.35,2.4
Damian Lillard,2014-15,82,82,35.7,20.98,7.2,16.59,0.434,2.39,6.98,0.343,4.2,4.85,0.864,0.6,4.01,4.61,6.18,1.18,0.26,2.71,2
Shai Gilgeous-Alexander,2015-16,75,75,35.7,25.05,8.24,19.65,0.419,3.05,8.13,0.375,5.52,6.19,0.892,0.6,3.43,4.03,6.83,0.87,0.37,3.23,2.2
Giannis Antetokounmpo,2016-17,75,75,35.9,26.99,8.81,19.84,0.444,2.85,7.72,0.37,6.51,7.27,0.895,0.61,4.29,4.91,5.87,0.91,0.27,2.63,2.03
Jayson Tatum,2017-18,73,73,36.6,26.88,8.51,19.38,0.439,3.11,8.62,0.361,6.75,7.37,0.916,0.85,3.6,4.45,6.59,1.07,0.37,2.82,1.6
Stephen Curry,2018-19,80,80,35.5,25.84,8.51,19.16,0.444,2.96,8.04,0.369,5.85,6.41,0.912,0.85,3.79,4.64,6.89,1.1,0.42,2.65,1.85
Kevin Durant,2019-20,66,66,37.5,29.97,9.45,20.44,0.463,4.09,10.21,0.401,6.97,7.85,0.888,0.5,3.8,4.3,8.03,1.06,0.33,2.94,1.73
LeBron James,2020-21,67,67,35.8,28.78,8.99,19.91,0.451,4.1,10.51,0.391,6.7,7.22,0.928,0.48,3.75,4.22,7.54,0.93,0.25,3.03,1.52
Donovan Mitchell,2021-22,29,29,36.4,23.97,7.66,19.03,0.402,3.17,9.79,0.324,5.48,6.24,0.878,0.45,3.69,4.14,7.31,0.59,0.38,2.86,1.28
Devin Booker,2022-23,58,58,36.3,32.17,9.59,20.72,0.463,4.21,11.34,0.371,8.79,9.62,0.914,0.76,4.02,4.78,7.33,0.86,0.31,3.29,1.88
Joel Embiid,2018-19,82,73,26.5,10.84,4.16,8.73,0.476,0.62,1.7,0.367,1.9,2.38,0.8,0.7,2.13,2.83,3.29,1.17,0.55,1.72,2.13
Luka Doncic,2019-20,70,70,34.7,19.01,6.83,14.5,0.471,1.24,3.59,0.347,4.11,5.1,0.807,0.67,5.21,5.89,3.31,1.13,0.67,1.91,1.67
Damian Lillard,2020-21,35,35,33.7,23.71,8.2,16.14,0.508,2.03,4.86,0.418,5.29,6.54,0.808,0.54,4.2,4.74,5.91,0.77,0.66,3.03,2
Shai Gilgeous-Alexander,2021-22,56,56,34.7,24.48,8.52,18.79,0.453,1.59,5.3,0.3,5.86,7.23,0.81,0.66,4.3,4.96,5.91,1.27,0.82,2.75,2.54
Giannis Antetokounmpo,2022-23,68,68,35.5,31.4,10.35,20.31,0.51,0.85,2.47,0.345,9.84,10.87,0.905,0.87,3.97,4.84,5.46,1.65,0.96,2.82,2.82
Joel Embiid,2013-14,77,23,24.6,6.82,2.25,5.43,0.414,0.53,1.53,0.347,1.79,2.62,0.683,1.01,3.39,4.4,1.95,0.78,0.79,1.58,2.25
Luka Doncic,2014-15,81,71,31.4,12.72,4.73,9.63,0.491,0.09,0.54,0.159,3.17,4.28,0.741,1.23,5.46,6.69,2.56,0.9,1.05,2.14,3.14
Damian Lillard,2015-16,80,79,35.3,16.88,6.41,12.66,0.506,0.35,1.36,0.257,3.7,5.11,0.724,1.41,6.24,7.65,4.31,1.18,1.41,2.6,3.23
Shai Gilgeous-Alexander,2016-17,80,80,35.6,22.9,8.2,15.74,0.521,0.61,2.25,0.272,5.89,7.65,0.77,1.77,6.97,8.75,5.42,1.64,1.89,2.92,3.08
Giannis Antetokounmpo,2017-18,75,75,36.8,26.85,9.89,18.69,0.529,0.57,1.87,0.307,6.49,8.55,0.76,2.08,7.96,10.04,4.81,1.45,1.41,2.97,3.08
Jayson Tatum,2018-19,72,72,32.8,27.69,10.01,17.32,0.578,0.72,2.82,0.256,6.94,9.53,0.729,2.21,10.26,12.47,5.89,1.28,1.53,3.72,3.22
Stephen Curry,2019-20,63,63,30.4,29.48,10.87,19.65,0.553,1.41,4.65,0.304,6.32,9.98,0.633,2.22,11.37,13.59,5.62,0.97,1.05,3.65,3.1
Kevin Durant,2020-21,61,61,33,28.15,10.26,18.03,0.569,1.1,3.62,0.303,6.52,9.52,0.685,1.59,9.41,11,5.85,1.18,1.2,3.39,2.75
LeBron James,2021-22,67,67,32.9,29.88,10.28,18.58,0.553,1.06,3.61,0.293,8.25,11.43,0.722,2,9.61,11.61,5.79,1.07,1.36,3.27,3.16
Donovan Mitchell,2022-23,63,63,32.1,31.1,11.22,20.29,0.553,0.75,2.71,0.275,7.9,12.25,0.645,2.17,9.6,11.78,5.7,0.83,0.81,3.9,3.13
Joel Embiid,2017-18,80,80,30.5,13.9,4.96,10.44,0.475,1.31,3.02,0.434,2.66,3.23,0.826,0.62,4.4,5.03,1.6,1.04,0.72,1.43,2.12
Luka Doncic,2018-19,79,79,31.1,15.73,5.9,13.11,0.45,1.47,3.94,0.373,2.47,2.89,0.855,0.89,5.15,6.04,2.13,1.06,0.72,1.54,2.13
Damian Lillard,2019-20,66,66,34.3,23.44,8.36,18.58,0.45,2.86,7.11,0.403,3.85,4.74,0.812,0.97,6,6.97,3.03,1.41,0.86,2.35,2.06
Shai Gilgeous-Alexander,2020-21,64,64,35.8,26.44,9.45,20.59,0.459,2.92,7.58,0.386,4.61,5.31,0.868,0.78,6.59,7.38,4.31,1.17,0.48,2.67,1.91
Giannis Antetokounmpo,2021-22,76,76,35.9,26.92,9.32,20.58,0.453,3.03,8.57,0.353,5.26,6.17,0.853,1.12,6.89,8.01,4.39,0.99,0.64,2.86,2.29
Jayson Tatum,2022-23,74,74,36.9,30.07,9.82,21.07,0.466,3.24,9.27,0.35,7.18,8.41,0.854,1.05,7.72,8.77,4.62,1.05,0.69,2.88,2.16
Joel Embiid,2009-10,80,77,36.2,17.49,6.6,14.29,0.462,2.08,4.75,0.437,2.21,2.5,0.885,0.6,3.85,4.45,5.9,1.9,0.24,3.04,3.15
Luka Doncic,2010-11,74,74,33.6,18.55,6.82,14.23,0.48,2.04,4.62,0.442,2.86,3.07,0.934,0.7,3.16,3.86,5.84,1.47,0.27,3.05,3.15
Damian Lillard,2011-12,26,23,28.1,14.73,5.58,11.38,0.49,2.12,4.65,0.455,1.46,1.81,0.809,0.58,2.81,3.38,5.31,1.5,0.31,2.5,2.38
Shai Gilgeous-Alexander,2012-13,78,78,38.2,22.9,8.03,17.79,0.451,3.49,7.69,0.453,3.36,3.73,0.9,0.76,3.27,4.03,6.91,1.62,0.15,3.08,2.54
Giannis Antetokounmpo,2013-14,78,78,36.5,24.01,8.36,17.73,0.471,3.35,7.88,0.424,3.95,4.46,0.885,0.59,3.69,4.28,8.54,1.64,0.18,3.77,2.49
Jayson Tatum,2014-15,80,80,32.7,23.75,8.16,16.76,0.487,3.58,8.07,0.443,3.85,4.21,0.914,0.7,3.56,4.26,7.74,2.04,0.2,3.11,1.98
Stephen Curry,2015-16,79,79,34.2,30.06,10.19,20.23,0.504,5.09,11.22,0.454,4.59,5.06,0.908,0.86,4.58,5.44,6.67,2.14,0.19,3.32,2.04
Kevin Durant,2016-17,79,79,33.4,25.3,8.54,18.27,0.468,4.1,9.99,0.411,4.11,4.58,0.898,0.77,3.7,4.47,6.63,1.8,0.22,3.03,2.32
LeBron James,2017-18,51,51,32,26.39,8.39,16.94,0.495,4.16,9.82,0.423,5.45,5.92,0.921,0.71,4.41,5.12,6.08,1.57,0.16,3,2.24
Donovan Mitchell,2018-19,69,69,33.8,27.26,9.16,19.42,0.472,5.13,11.74,0.437,3.81,4.16,0.916,0.65,4.7,5.35,5.23,1.33,0.36,2.78,2.41
Devin Booker,2019-20,5,5,27.9,20.8,6.6,16.4,0.402,2.4,9.8,0.245,5.2,5.2,1,0.8,4.4,5.2,6.6,1,0.4,3.2,2.2
Kyrie Irving,2020-21,63,63,34.2,31.98,10.44,21.67,0.482,5.35,12.71,0.421,5.75,6.27,0.916,0.46,5.02,5.48,5.76,1.22,0.13,3.38,1.89
Jaylen Brown,2021-22,64,64,34.6,25.47,8.36,19.12,0.437,4.45,11.72,0.38,4.3,4.66,0.923,0.53,4.7,5.23,6.31,1.33,0.36,3.22,2.03
Trae Young,2022-23,56,56,34.7,29.43,9.98,20.23,0.493,4.88,11.41,0.427,4.59,5.02,0.915,0.7,5.39,6.09,6.29,0.93,0.36,3.2,2.09
Joel Embiid,2007-08,80,80,34.6,20.3,7.34,17.07,0.43,0.74,2.56,0.288,4.89,5.6,0.873,0.88,3.48,4.35,2.4,0.97,0.94,2.9,1.52
Luka Doncic,2008-09,74,74,39,25.28,8.93,18.78,0.476,1.31,3.11,0.422,6.11,7.08,0.863,1.04,5.47,6.51,2.77,1.3,0.72,3.04,1.81
Damian Lillard,2009-10,82,82,39.5,30.15,9.68,20.34,0.476,1.56,4.28,0.365,9.22,10.24,0.9,1.28,6.32,7.6,2.82,1.37,1.02,3.3,2.09
Shai Gilgeous-Alexander,2010-11,78,78,38.9,27.71,9.12,19.72,0.462,1.86,5.31,0.35,7.62,8.65,0.88,0.73,6.1,6.83,2.74,1.13,0.97,2.79,2.04
Giannis Antetokounmpo,2011-12,66,66,38.6,28.03,9.74,19.65,0.496,2.02,5.21,0.387,6.53,7.59,0.86,0.61,7.38,7.98,3.5,1.33,1.17,3.76,2.02
Jayson Tatum,2012-13,81,81,38.5,28.15,9.02,17.69,0.51,1.72,4.12,0.416,8.38,9.26,0.905,0.57,7.33,7.9,4.62,1.43,1.3,3.46,1.77
Stephen Curry,2013-14,81,81,38.5,32.01,10.48,20.84,0.503,2.37,6.06,0.391,8.68,9.94,0.873,0.72,6.67,7.38,5.49,1.27,0.73,3.52,2.15
Kevin Durant,2014-15,27,27,33.8,25.41,8.81,17.3,0.51,2.37,5.89,0.403,5.41,6.33,0.854,0.59,6,6.59,4.07,0.89,0.93,2.74,1.48
LeBron James,2015-16,72,72,35.8,28.18,9.69,19.18,0.505,2.58,6.67,0.388,6.21,6.92,0.898,0.62,7.56,8.18,5.01,0.96,1.18,3.47,1.9
Donovan Mitchell,2016-17,62,62,33.4,25.08,8.89,16.55,0.537,1.89,5.03,0.375,5.42,6.19,0.875,0.63,7.65,8.27,4.84,1.06,1.6,2.23,1.89
Devin Booker,2017-18,68,68,34.2,26.35,9.26,17.97,0.516,2.54,6.07,0.419,5.28,5.94,0.889,0.46,6.37,6.82,5.38,0.74,1.75,3.04,1.96
Kyrie Irving,2018-19,78,78,34.6,25.99,9.24,17.73,0.521,1.76,4.97,0.353,5.74,6.49,0.885,0.42,5.95,6.37,5.86,0.74,1.08,2.88,1.99
Jaylen Brown,2020-21,35,32,33,26.94,9.26,17.23,0.537,2.43,5.4,0.45,6,6.8,0.882,0.37,6.69,7.06,5.57,0.71,1.29,3.43,2
Trae Young,2021-22,55,55,37.2,29.87,10.51,20.27,0.518,2.09,5.45,0.383,6.76,7.44,0.91,0.53,6.87,7.4,6.38,0.87,0.95,3.47,2.05
Ja Morant,2022-23,47,47,35.6,29.06,10.28,18.34,0.56,1.98,4.89,0.404,6.53,7.11,0.919,0.36,6.3,6.66,5,0.72,1.43,3.32,2.11
Joel Embiid,2003-04,79,79,39.5,20.94,7.87,18.89,0.417,0.8,2.75,0.29,4.39,5.82,0.754,1.25,4.22,5.47,5.89,1.65,0.73,3.46,1.89
Luka Doncic,2004-05,80,80,42.4,27.19,9.94,21.05,0.472,1.35,3.85,0.351,5.96,7.95,0.75,1.39,5.96,7.35,7.21,2.21,0.65,3.27,1.82
Damian Lillard,2005-06,79,79,42.5,31.37,11.08,23.08,0.48,1.61,4.8,0.335,7.61,10.3,0.738,0.95,6.09,7.04,6.59,1.56,0.84,3.29,2.29
Shai Gilgeous-Alexander,2006-07,78,78,40.9,27.33,9.9,20.78,0.476,1.27,3.97,0.319,6.27,8.99,0.698,1.06,5.68,6.74,6.03,1.6,0.71,3.21,2.19
Giannis Antetokounmpo,2007-08,75,74,40.4,30,10.59,21.89,0.484,1.51,4.79,0.315,7.32,10.28,0.712,1.77,6.12,7.89,7.19,1.84,1.08,3.4,2.2
Jayson Tatum,2008-09,81,81,37.7,28.44,9.74,19.91,0.489,1.63,4.74,0.344,7.33,9.41,0.78,1.31,6.26,7.57,7.25,1.69,1.15,2.98,1.72
Stephen Curry,2009-10,76,76,39,29.71,10.11,20.11,0.503,1.7,5.09,0.333,7.8,10.17,0.767,0.93,6.36,7.29,8.57,1.64,1.01,3.43,1.57
Kevin Durant,2010-11,79,79,38.8,26.72,9.59,18.78,0.511,1.16,3.53,0.33,6.37,8.39,0.759,1.01,6.46,7.47,7.01,1.57,0.63,3.59,2.06
LeBron James,2011-12,62,62,37.5,27.15,10.02,18.85,0.531,0.87,2.4,0.362,6.24,8.1,0.771,1.52,6.42,7.94,6.24,1.85,0.81,3.44,1.55
Donovan Mitchell,2012-13,76,76,37.9,26.79,10.07,17.82,0.565,1.36,3.34,0.406,5.3,7.04,0.753,1.28,6.75,8.03,7.25,1.7,0.88,2.97,1.45
Devin Booker,2013-14,77,77,37.7,27.13,9.96,17.57,0.567,1.51,3.97,0.379,5.7,7.6,0.75,1.05,5.87,6.92,6.34,1.57,0.34,3.51,1.64
Kyrie Irving,2014-15,69,69,36.1,25.26,9.04,18.54,0.488,1.74,4.91,0.354,5.43,7.65,0.71,0.74,5.29,6.03,7.41,1.58,0.71,3.94,1.96
Jaylen Brown,2015-16,76,76,35.6,25.26,9.7,18.63,0.52,1.14,3.71,0.309,4.72,6.46,0.731,1.46,5.97,7.43,6.76,1.37,0.64,3.28,1.88
Trae Young,2016-17,74,74,37.8,26.41,9.95,18.16,0.548,1.68,4.62,0.363,4.84,7.18,0.674,1.31,7.32,8.64,8.73,1.24,0.59,4.09,1.81
Ja Morant,2017-18,82,82,36.9,27.45,10.45,19.27,0.542,1.82,4.95,0.367,4.73,6.48,0.731,1.18,7.46,8.65,9.11,1.41,0.87,4.23,1.66
Anthony Davis,2018-19,55,55,35.2,27.36,10.15,19.91,0.51,2.02,5.95,0.339,5.05,7.6,0.665,1.04,7.42,8.45,8.25,1.31,0.6,3.58,1.71
Lauri Markkanen,2019-20,67,67,34.6,25.34,9.6,19.45,0.493,2.21,6.34,0.348,3.94,5.69,0.693,0.99,6.85,7.84,10.21,1.16,0.54,3.9,1.76
Julius Randle,2020-21,45,45,33.4,25.02,9.38,18.29,0.513,2.31,6.33,0.365,3.96,5.67,0.698,0.64,7.04,7.69,7.78,1.07,0.56,3.73,1.56
De'Aaron Fox,2021-22,56,56,37.2,30.27,11.43,21.8,0.524,2.88,8,0.359,4.54,6,0.756,1.12,7.07,8.2,6.23,1.3,1.05,3.5,2.16
Zach LaVine,2022-23,55,54,35.5,28.91,11.07,22.16,0.5,2.2,6.85,0.321,4.56,5.95,0.768,1.18,7.13,8.31,6.82,0.91,0.58,3.24,1.6
Joel Embiid,2017-18,79,71,33.4,20.46,7.53,17.24,0.437,2.37,6.96,0.34,3.03,3.76,0.805,0.66,3.09,3.75,3.68,1.49,0.34,2.72,2.7
Luka Doncic,2018-19,77,77,33.7,23.75,8.58,19.87,0.432,2.44,6.74,0.362,4.14,5.14,0.806,0.77,3.34,4.1,4.18,1.38,0.4,2.83,2.7
Damian Lillard,2019-20,69,69,34.3,23.99,8.72,19.45,0.449,2.51,6.86,0.366,4.03,4.67,0.863,0.77,3.64,4.41,4.26,1.01,0.2,2.67,2.49
Shai Gilgeous-Alexander,2020-21,53,53,33.4,26.43,9.02,20.58,0.438,3.36,8.7,0.386,5.04,5.96,0.845,0.94,3.49,4.43,5.23,0.98,0.28,2.77,2.21
Giannis Antetokounmpo,2021-22,67,67,33.8,25.87,9.21,20.54,0.448,3.46,9.76,0.355,3.99,4.67,0.853,0.82,3.39,4.21,5.34,1.48,0.18,2.99,2.45
Jayson Tatum,2022-23,68,68,35.8,28.26,9.99,20.62,0.484,3.6,9.34,0.386,4.69,5.41,0.867,0.93,3.32,4.25,4.43,1.46,0.4,2.65,2.47
Joel Embiid,2015-16,76,51,27.7,13.79,4.83,11.41,0.423,1.3,3.8,0.343,2.83,3.37,0.84,0.36,2.11,2.46,2.63,0.58,0.26,2.11,2.96
Luka Doncic,2016-17,78,78,35,22.13,7.77,18.35,0.423,1.88,5.19,0.363,4.71,5.65,0.832,0.59,2.6,3.19,3.44,0.92,0.27,3.09,3.1
Damian Lillard,2017-18,54,54,34.5,24.93,8.43,19.52,0.432,2.72,7.11,0.383,5.35,6.09,0.878,0.48,4.04,4.52,4.69,0.87,0.26,3.59,3.11
Shai Gilgeous-Alexander,2018-19,64,64,35,26.56,9.16,19.61,0.467,2.11,6.47,0.326,6.14,7.09,0.866,0.61,3.53,4.14,6.77,0.88,0.2,4.12,3.12
Giannis Antetokounmpo,2019-20,70,70,35.9,26.61,8.96,18.33,0.489,2.01,5.69,0.354,6.69,7.27,0.919,0.41,3.83,4.24,6.51,0.7,0.26,3.77,3.04
Jayson Tatum,2020-21,67,67,33.9,25.55,9.3,19.21,0.484,1.88,5.54,0.34,5.07,5.85,0.867,0.51,3.69,4.19,4.31,0.79,0.24,3.09,2.7
Stephen Curry,2021-22,68,68,34.5,26.79,9.74,20.9,0.466,2.69,7.03,0.383,4.63,5.34,0.868,0.66,4.37,5.03,4.84,1.13,0.38,2.38,2.65
Kevin Durant,2022-23,53,53,34.6,27.75,9.94,20.13,0.494,2.09,5.96,0.351,5.77,6.75,0.855,0.87,3.66,4.53,5.53,0.96,0.34,2.74,3
Joel Embiid,2011-12,51,51,30.5,18.51,6.86,14.65,0.469,1.43,3.59,0.399,3.35,3.84,0.872,0.86,2.88,3.75,5.39,1.06,0.39,3.14,2.16
Luka Doncic,2012-13,59,59,34.7,22.46,8.2,18.14,0.452,1.85,4.73,0.391,4.2,4.92,0.855,0.58,3.08,3.66,5.93,1.51,0.36,3.24,2.47
Damian Lillard,2013-14,71,71,35.2,20.82,7.49,17.42,0.43,1.73,4.85,0.358,4.1,4.76,0.861,0.73,2.92,3.65,6.1,1.52,0.32,2.68,2.3
Shai Gilgeous-Alexander,2014-15,75,75,36.4,21.71,7.71,16.47,0.468,2.09,5.04,0.415,4.2,4.87,0.863,0.73,2.43,3.16,5.19,1.52,0.27,2.48,1.95
Giannis Antetokounmpo,2015-16,53,53,31.5,19.64,7.43,16.58,0.448,1.58,4.92,0.322,3.19,3.6,0.885,0.83,2.13,2.96,4.7,1.06,0.34,2.34,2.02
Jayson Tatum,2016-17,72,72,35.1,25.22,9.32,19.72,0.473,2.46,6.12,0.401,4.12,4.56,0.905,0.72,2.47,3.19,5.81,1.15,0.33,2.5,2.18
Stephen Curry,2017-18,60,60,32.2,24.43,8.9,18.12,0.491,2.77,6.78,0.408,3.87,4.35,0.889,0.55,3.23,3.78,5.1,1.08,0.28,2.33,2.03
Kevin Durant,2018-19,67,67,33,23.82,9.01,18.52,0.487,2.6,6.48,0.401,3.19,3.66,0.873,1.06,3.94,5,6.93,1.54,0.51,2.57,2.49
LeBron James,2019-20,20,20,32.9,27.4,9.95,20.8,0.478,2.8,7.1,0.394,4.7,5.1,0.922,1.1,4.05,5.15,6.4,1.35,0.5,2.6,2.65
Donovan Mitchell,2020-21,54,54,34.9,26.87,10.17,20.11,0.506,2.81,7,0.402,3.72,4.04,0.922,0.96,3.8,4.76,6,1.41,0.69,2.41,2.59
Devin Booker,2021-22,29,29,37.6,27.45,9.97,21.24,0.469,3.45,8.24,0.418,4.07,4.45,0.915,0.55,3.83,4.38,5.76,1.41,0.59,2.52,2.79
Kyrie Irving,2022-23,60,60,37.3,27.05,9.9,20.05,0.494,3.13,8.27,0.379,4.12,4.55,0.905,0.98,4.08,5.07,5.52,1.1,0.75,2.13,2.75
Joel Embiid,2016-17,78,20,17.2,6.6,2.46,5.42,0.454,0.59,1.73,0.341,1.09,1.59,0.685,0.58,2.24,2.82,0.82,0.45,0.23,0.87,1.82
Luka Doncic,2017-18,70,70,30.7,14.53,5.33,11.47,0.465,1.73,4.37,0.395,2.14,3.33,0.644,0.94,4,4.94,1.63,1,0.37,1.77,2.59
Damian Lillard,2018-19,74,25,25.9,13.03,4.97,10.7,0.465,1.28,3.73,0.344,1.8,2.73,0.658,0.88,3.35,4.23,1.35,0.93,0.43,1.34,2.51
Shai Gilgeous-Alexander,2019-20,57,57,33.9,20.33,7.49,15.56,0.481,2.26,5.93,0.382,3.09,4.26,0.724,1.09,5.3,6.39,2.07,1.14,0.35,2.19,2.93
Giannis Antetokounmpo,2020-21,58,58,34.5,24.66,9.28,19.16,0.484,2.81,7.09,0.397,3.29,4.31,0.764,1.22,4.76,5.98,3.36,1.24,0.55,2.72,2.9
Jayson Tatum,2021-22,66,66,33.6,23.62,8.73,18.44,0.473,2.52,7.03,0.358,3.65,4.82,0.758,0.8,5.32,6.12,3.5,1.06,0.27,2.7,2.47
Stephen Curry,2022-23,67,67,35.9,26.63,10.13,20.64,0.491,2.43,7.27,0.335,3.93,5.13,0.765,1.16,5.69,6.85,3.46,1.12,0.39,2.94,2.57
Joel Embiid,2018-19,81,81,30.9,19.12,6.48,15.51,0.418,1.93,5.95,0.324,4.23,5.11,0.829,0.79,2.93,3.72,8.06,0.89,0.19,3.8,1.73
Luka Doncic,2019-20,60,60,35.3,29.63,9.1,20.82,0.437,3.42,9.47,0.361,8.02,9.32,0.86,0.53,3.72,4.25,9.33,1.08,0.13,4.82,1.73
Damian Lillard,2020-21,63,63,33.7,25.3,7.73,17.65,0.438,2.16,6.3,0.343,7.68,8.67,0.886,0.6,3.29,3.89,9.43,0.84,0.19,4.14,1.76
Shai Gilgeous-Alexander,2021-22,76,76,34.9,28.36,9.36,20.32,0.46,3.07,8.03,0.382,6.58,7.28,0.904,0.66,3.08,3.74,9.7,0.95,0.09,3.99,1.68
Giannis Antetokounmpo,2022-23,73,73,34.8,26.22,8.18,19.04,0.429,2.11,6.3,0.335,7.75,8.75,0.886,0.77,2.21,2.97,10.15,1.1,0.12,4.11,1.42
Joel Embiid,2019-20,67,67,31,17.81,6.67,13.99,0.477,0.9,2.67,0.335,3.57,4.6,0.776,0.76,3.1,3.87,7.28,0.87,0.27,3.28,1.64
Luka Doncic,2020-21,63,63,32.6,19.11,6.83,15.19,0.449,1.16,3.83,0.303,4.3,5.9,0.728,0.94,3.06,4,7.38,0.9,0.21,3.22,1.38
Damian Lillard,2021-22,57,57,33.1,27.44,10.18,20.65,0.493,1.54,4.49,0.344,5.54,7.28,0.761,1.35,4.35,5.7,6.74,1.16,0.39,3.44,1.51
Shai Gilgeous-Alexander,2022-23,61,59,31.9,26.16,9.28,19.9,0.466,1.51,4.92,0.307,6.1,8.15,0.748,1,4.85,5.85,8.08,1.08,0.26,3.38,1.64
Joel Embiid,2012-13,64,60,28.8,13.52,5.44,10.55,0.516,0,0.09,0,2.64,3.52,0.751,2.58,5.58,8.16,0.98,1.17,1.75,1.39,2.47
Luka Doncic,2013-14,67,66,35.2,20.81,7.79,15,0.519,0.03,0.13,0.222,5.19,6.57,0.791,3.09,6.96,10.04,1.57,1.33,2.82,1.63,2.99
Damian Lillard,2014-15,68,68,36.1,24.35,9.44,17.63,0.535,0.01,0.18,0.083,5.46,6.78,0.805,2.54,7.69,10.24,2.19,1.47,2.94,1.4,2.07
Shai Gilgeous-Alexander,2015-16,61,61,35.5,24.28,9.18,18.62,0.493,0.57,1.77,0.324,5.34,7.05,0.758,2.13,8.15,10.28,1.9,1.28,2.05,1.98,2.43
Giannis Antetokounmpo,2016-17,75,75,36.1,27.99,10.27,20.35,0.505,0.53,1.79,0.299,6.92,8.63,0.802,2.29,9.49,11.79,2.09,1.25,2.23,2.41,2.24
Jayson Tatum,2017-18,75,75,36.4,28.13,10.4,19.49,0.534,0.73,2.16,0.34,6.6,7.97,0.828,2.49,8.6,11.09,2.32,1.53,2.57,2.16,2.12
Stephen Curry,2018-19,56,56,33,25.93,9.46,18.32,0.517,0.86,2.59,0.331,6.14,7.73,0.794,3.11,8.89,12,3.89,1.57,2.41,2,2.36
Kevin Durant,2019-20,62,62,34.4,26.1,8.89,17.68,0.503,1.16,3.52,0.33,7.16,8.47,0.846,2.29,7.02,9.31,3.23,1.47,2.31,2.48,2.52
LeBron James,2020-21,36,36,32.3,21.83,8.36,17.03,0.491,0.72,2.78,0.26,4.39,5.94,0.738,1.72,6.22,7.94,3.06,1.25,1.64,2.06,1.67
Donovan Mitchell,2021-22,40,40,35.1,23.18,9.25,17.38,0.532,0.33,1.75,0.186,4.35,6.1,0.713,2.65,7.2,9.85,3.05,1.23,2.25,2.05,2.42
Devin Booker,2022-23,56,54,34,25.91,9.68,17.18,0.563,0.34,1.32,0.257,6.21,7.93,0.784,3.48,9.05,12.54,2.64,1.05,2.04,2.18,2.61
Joel Embiid,2017-18,68,68,29.7,15.19,5.5,12.68,0.434,2.13,5.9,0.362,2.06,2.44,0.843,1.16,6.31,7.47,1.16,0.57,0.59,1.22,1.51
Luka Doncic,2018-19,52,51,32.3,18.73,6.58,15.29,0.43,2.31,6.38,0.361,3.27,3.75,0.872,1.42,7.62,9.04,1.44,0.71,0.63,1.63,2.35
Damian Lillard,2019-20,50,50,29.8,14.74,5.02,11.82,0.425,2.18,6.34,0.344,2.52,3.06,0.824,1.2,5.06,6.26,1.48,0.84,0.46,1.62,1.92
Shai Gilgeous-Alexander,2020-21,51,26,25.8,13.63,4.9,10.22,0.48,2.33,5.8,0.402,1.49,1.8,0.826,0.69,4.57,5.25,0.88,0.51,0.29,1.02,1.47
Giannis Antetokounmpo,2021-22,61,61,30.8,14.75,5.13,11.52,0.445,2.23,6.23,0.358,2.26,2.61,0.868,0.97,4.69,5.66,1.33,0.74,0.49,0.89,2.13
Jayson Tatum,2022-23,66,66,34.4,25.62,8.65,17.35,0.499,3.03,7.74,0.391,5.29,6.05,0.875,1.97,6.67,8.64,1.86,0.64,0.58,1.92,2.08
Joel Embiid,2014-15,1,0,13.6,2,1,3,0.333,0,0,0,0,2,0,0,0,0,0,0,0,1,1
Luka Doncic,2015-16,81,60,28.2,11.35,4.42,10.31,0.429,0.12,0.44,0.278,2.38,3.33,0.715,2.12,8.11,10.23,1.78,0.65,0.36,1.84,2.99
Damian Lillard,2016-17,74,73,28.8,13.18,5.09,10.45,0.488,0.23,0.85,0.27,2.76,3.81,0.723,2.03,6.57,8.59,3.57,0.66,0.5,2.34,3.35
Shai Gilgeous-Alexander,2017-18,82,49,26.7,16.13,6.15,11.02,0.558,0.12,0.55,0.222,3.72,5.18,0.718,2.21,5.77,7.98,2.56,0.52,0.55,2.6,3.34
Giannis Antetokounmpo,2018-19,73,49,30.6,21.44,7.82,14.92,0.524,0.92,2.67,0.344,4.88,6.67,0.731,2.22,6.47,8.68,3.14,0.71,0.62,2.85,3.37
Jayson Tatum,2019-20,64,64,32.5,19.5,7.23,15.72,0.46,1,3.61,0.277,4.03,5.5,0.733,2.36,7.36,9.72,3.09,0.8,0.34,3.02,2.78
Stephen Curry,2020-21,71,71,37.6,24.11,8.48,18.61,0.456,2.25,5.48,0.411,4.9,6.04,0.811,1.18,9,10.18,6.01,0.9,0.25,3.39,3.17
Kevin Durant,2021-22,72,72,35.3,20.1,7.11,17.31,0.411,1.67,5.42,0.308,4.21,5.57,0.756,1.74,8.21,9.94,5.14,0.74,0.54,3.4,2.85
LeBron James,2022-23,77,77,35.6,25.14,8.55,18.6,0.459,2.83,8.26,0.343,5.22,6.9,0.757,1.83,8.13,9.96,4.1,0.64,0.27,2.81,3.03
Joel Embiid,2017-18,73,61,27.7,11.56,4.49,10.92,0.412,0.64,2.1,0.307,1.93,2.67,0.723,0.45,2.34,2.79,4.38,0.96,0.27,2.37,2.23
Luka Doncic,2018-19,81,81,31.4,17.27,6.23,13.6,0.458,1.06,2.86,0.371,3.74,5.15,0.727,0.53,3.22,3.75,7.28,1.64,0.56,2.8,2.52
Damian Lillard,2019-20,51,49,32,21.12,7.67,15.98,0.48,1.06,3.63,0.292,4.73,6.71,0.705,0.69,3.16,3.84,6.82,1.45,0.49,3.1,2.84
Shai Gilgeous-Alexander,2020-21,58,58,35.1,25.19,9.12,19.14,0.477,1.78,5.52,0.322,5.17,7.19,0.719,0.57,2.93,3.5,7.19,1.5,0.47,3,2.93
Giannis Antetokounmpo,2021-22,59,59,35.3,23.17,8.75,18.51,0.473,1.25,4.22,0.297,4.42,5.9,0.75,0.42,3.49,3.92,5.59,1.15,0.42,2.85,2.92
Jayson Tatum,2022-23,73,73,33.4,25.01,9.34,18.23,0.512,1.63,5.03,0.324,4.7,6.03,0.78,0.55,3.64,4.19,6.12,1.14,0.32,2.48,2.36
Joel Embiid,2014-15,77,40,24.7,10.1,3.71,8.79,0.422,0.74,2.17,0.341,1.94,2.3,0.842,0.35,2.43,2.78,3.58,0.7,0.13,2.51,2.05
Luka Doncic,2015-16,82,33,28,14.02,5.28,11.7,0.452,1.5,3.85,0.389,1.96,2.48,0.793,0.33,2.45,2.78,3.06,0.84,0.21,1.89,2.35
Damian Lillard,2016-17,47,47,37.2,18.91,6.94,15.11,0.459,2.55,6.6,0.387,2.49,2.98,0.836,0.4,3,3.4,2.96,0.87,0.21,1.81,2.21
Shai Gilgeous-Alexander,2017-18,24,24,27.3,16.71,5.67,14.79,0.383,1.75,5.12,0.341,3.62,4.46,0.813,0.38,3.54,3.92,3,1,0.17,1.79,2.29
Giannis Antetokounmpo,2018-19,63,62,34.5,23.68,8.41,18.02,0.467,1.9,5.1,0.374,4.95,5.95,0.832,0.63,4.03,4.67,4.49,0.95,0.41,3.41,2.22
Jayson Tatum,2019-20,60,60,34.8,25.5,8.98,19.98,0.45,3.07,8.07,0.38,4.47,5.57,0.802,0.68,4.13,4.82,4.23,1.47,0.47,3.43,2.18
Stephen Curry,2020-21,58,58,35.1,27.43,9.81,19.36,0.507,3.45,8.22,0.419,4.36,5.14,0.849,0.62,4.36,4.98,4.86,0.79,0.47,3.5,2.38
Kevin Durant,2021-22,67,67,34.7,24.4,8.43,17.7,0.476,2.76,7.09,0.389,4.78,5.6,0.853,0.33,4.27,4.6,4.52,0.61,0.34,2.55,1.79
LeBron James,2022-23,77,77,36,24.84,8.74,18.03,0.485,2.65,7.06,0.375,4.71,5.56,0.848,0.55,3.94,4.48,4.25,0.9,0.23,2.52,2.06
Joel Embiid,2020-21,72,55,32.1,19.33,7.01,16.82,0.417,2.38,7.22,0.329,2.93,3.78,0.776,0.82,3.85,4.67,2.93,1.14,0.5,2.22,1.79
Luka Doncic,2021-22,72,72,34.2,21.29,7.62,17.29,0.441,2.99,8.36,0.357,3.06,3.89,0.786,0.86,3.9,4.76,3.82,1.46,0.64,2.64,2.28
Damian Lillard,2022-23,79,79,36,24.63,8.95,19.51,0.459,2.7,7.32,0.369,4.04,5.34,0.756,0.59,5.2,5.8,4.43,1.58,0.73,3.28,2.35
Joel Embiid,2009-10,77,65,21.6,8.6,3.31,6.65,0.498,0.05,0.21,0.25,1.92,2.52,0.763,0.86,2.04,2.9,0.69,0.56,0.23,0.81,2.29
Luka Doncic,2010-11,82,82,34.8,17.2,6.57,14.07,0.467,0.06,0.63,0.096,3.99,4.9,0.813,0.91,2.93,3.84,1.8,1.04,0.38,1.76,2.65
Damian Lillard,2011-12,63,63,35,16.73,6.05,14.33,0.422,0.38,1.46,0.261,4.25,5.25,0.81,0.63,2.71,3.35,2.03,0.76,0.27,1.95,2.57
Shai Gilgeous-Alexander,2012-13,82,82,36.7,18.11,6.68,15.01,0.445,0.41,1.46,0.283,4.33,5.21,0.831,0.59,3.32,3.9,2.49,0.93,0.29,1.84,2.11
Giannis Antetokounmpo,2013-14,79,79,38.2,22.67,7.65,17.81,0.429,0.81,2.66,0.305,6.57,7.97,0.824,0.65,3.7,4.34,3.96,1.09,0.35,2.23,2.49
Jayson Tatum,2014-15,60,60,35,20.07,6.82,16.5,0.413,0.42,1.47,0.284,6.02,7.23,0.832,0.68,3.93,4.62,3.5,1.22,0.18,2.28,2.03
Stephen Curry,2015-16,78,78,35.9,23.46,7.87,17.65,0.446,0.6,1.78,0.338,7.12,8.37,0.85,0.82,3.65,4.47,4.04,1.04,0.27,2.24,2.14
Kevin Durant,2016-17,74,74,35.4,27.3,9.74,20.88,0.467,0.45,1.68,0.266,7.36,8.74,0.842,0.95,4.27,5.22,3.92,1.05,0.18,2.43,1.81
LeBron James,2017-18,80,80,33.9,23,8.06,17.66,0.456,1.11,3.59,0.31,5.76,6.99,0.825,0.74,3.2,3.94,5.21,1.06,0.28,2.19,1.89
Donovan Mitchell,2018-19,77,77,34.9,21.23,8.19,17.05,0.481,0.09,0.58,0.156,4.75,5.73,0.83,0.7,5.3,6,6.17,1.12,0.47,2.58,2.3
Devin Booker,2019-20,68,68,34.1,22.12,8.19,15.43,0.531,0.13,0.51,0.257,5.6,6.63,0.845,0.65,4.87,5.51,5.59,1.03,0.29,2.41,2.65
Kyrie Irving,2020-21,61,61,33.7,21.57,7.46,15.08,0.495,0.31,1.21,0.257,6.34,7.21,0.88,0.66,3.59,4.25,6.92,0.92,0.25,1.95,2.1
Jaylen Brown,2021-22,76,76,36.1,27.87,10.18,20.2,0.504,0.66,1.87,0.352,6.84,7.8,0.877,0.74,4.42,5.16,4.92,0.89,0.32,2.38,2.34
Trae Young,2022-23,74,74,36.2,24.54,8.88,17.61,0.504,0.62,1.92,0.324,6.16,7.07,0.872,0.46,4.18,4.64,5.09,1.12,0.49,2.07,2.51
Joel Embiid,2015-16,80,55,21.7,9.95,3.84,7.5,0.512,0.35,1.05,0.333,1.93,2.38,0.811,2.26,4.74,7,2.36,0.99,0.62,1.3,2.6
Luka Doncic,2016-17,73,59,27.9,16.73,6.77,11.7,0.578,0.62,1.9,0.324,2.58,3.12,0.825,2.9,6.93,9.84,4.92,0.84,0.75,2.34,2.93
Damian Lillard,2017-18,75,73,32.5,18.47,6.72,13.47,0.499,1.48,3.73,0.396,3.55,4.17,0.85,2.6,8.11,10.71,6.11,1.2,0.81,2.8,2.83
Shai Gilgeous-Alexander,2018-19,80,80,31.3,20.05,7.7,15.07,0.511,1.04,3.38,0.307,3.61,4.4,0.821,2.85,7.96,10.81,7.25,1.35,0.69,3.1,2.85
Giannis Antetokounmpo,2019-20,73,73,32,19.95,7.74,14.67,0.528,1.1,3.49,0.314,3.37,4.12,0.817,2.27,7.47,9.74,7.01,1.16,0.6,3.1,3.04
Jayson Tatum,2020-21,72,72,34.6,26.36,10.17,17.96,0.566,1.28,3.29,0.388,4.75,5.47,0.868,2.85,7.99,10.83,8.32,1.32,0.67,3.08,2.67
Stephen Curry,2021-22,74,74,33.5,27.08,10.32,17.72,0.583,1.31,3.89,0.337,5.12,6.32,0.81,2.78,10.99,13.77,7.89,1.47,0.85,3.8,2.58
Kevin Durant,2022-23,69,69,33.7,24.49,9.36,14.81,0.632,0.83,2.16,0.383,4.94,6.01,0.822,2.42,9.42,11.84,9.83,1.26,0.68,3.58,2.52
Joel Embiid,2016-17,55,38,15.6,4.16,1.87,3.73,0.502,0.02,0.13,0.143,0.4,0.58,0.688,1.16,2.2,3.36,0.31,0.47,0.82,0.6,1.98
Luka Doncic,2017-18,81,5,20.7,7.27,3.12,6.15,0.508,0.36,1.63,0.22,0.67,1.07,0.621,0.98,3.52,4.49,1.96,0.77,0.52,0.83,2.05
Damian Lillard,2018-19,80,79,31.8,16.93,6.49,11.81,0.549,0.99,2.67,0.369,2.96,3.77,0.785,1.55,5.31,6.86,3.1,0.91,0.65,1.93,3.01
Shai Gilgeous-Alexander,2019-20,60,60,35.2,22.85,8.33,18.4,0.453,2.18,6.08,0.359,4,5.05,0.792,1.07,6.25,7.32,3.45,1.02,0.88,2.47,2.83
Giannis Antetokounmpo,2020-21,56,56,35.8,21.36,7.8,17.16,0.455,1.3,4.39,0.297,4.45,5.38,0.827,1.7,5.54,7.23,4.46,1.14,0.66,2.32,3.11
Jayson Tatum,2021-22,68,68,37.9,22.81,8.76,17.75,0.494,1.1,3.21,0.344,4.18,5.57,0.749,1.88,6.65,8.53,5.29,1.25,0.62,2.66,3.31
Stephen Curry,2022-23,71,71,37.4,24.23,8.87,18.49,0.48,1.31,4.04,0.324,5.17,6.68,0.774,1.85,5.99,7.83,5.85,0.92,0.51,2.38,3.21
Joel Embiid,2018-19,73,38,21.8,9.29,3.62,7.74,0.467,0.86,2.48,0.348,1.19,1.64,0.725,0.34,1.97,2.32,3.15,0.51,0.05,1.21,1.74
Luka Doncic,2019-20,57,16,17.9,8.18,3.18,6.81,0.466,0.75,2.11,0.358,1.07,1.32,0.813,0.39,1.96,2.35,3.3,0.39,0.07,1.16,1.3
Damian Lillard,2020-21,68,12,25,12.6,4.82,9.22,0.523,1.19,2.94,0.405,1.76,2.22,0.795,0.4,3,3.4,3.51,0.51,0.01,1.18,1.6
Shai Gilgeous-Alexander,2021-22,79,61,31.9,16.27,6.41,12.76,0.502,1.19,3.19,0.373,2.27,2.7,0.84,0.54,3.37,3.91,4.77,0.84,0.04,1.57,1.91
Giannis Antetokounmpo,2022-23,68,68,35,24.01,8.63,17.57,0.491,1.97,4.74,0.416,4.78,5.76,0.829,0.59,2.96,3.54,6.19,0.9,0.22,2.09,2.24
Joel Embiid,2015-16,72,72,28.4,14.28,5.18,12.31,0.421,1.12,3.38,0.333,2.79,3.33,0.838,1.83,5.47,7.31,1.29,0.74,1.86,1.68,2.85
Luka Doncic,2016-17,66,65,32.8,18.12,6.71,14.92,0.45,1.7,4.76,0.357,3,3.82,0.786,1.68,5.52,7.2,1.47,0.71,1.95,1.79,3.7
Damian Lillard,2017-18,48,48,32.4,22.67,8.12,18.52,0.439,1.88,4.75,0.395,4.54,5.73,0.793,1.29,5.29,6.58,1.19,0.75,2.4,1.94,2.94
Shai Gilgeous-Alexander,2019-20,57,57,31.8,20.42,6.98,16.35,0.427,2.49,7.07,0.352,3.96,4.96,0.799,1.75,7.72,9.47,1.79,0.72,2.02,1.61,3.25
Giannis Antetokounmpo,2020-21,43,43,30.9,20.12,7.56,15.88,0.476,2.26,6,0.376,2.74,3.21,0.855,1.91,6.95,8.86,1.58,0.47,1.35,1.19,2.67
Jayson Tatum,2021-22,51,51,29,20.2,6.9,15.04,0.459,1.53,4.94,0.31,4.86,5.61,0.867,2,6.06,8.06,2.33,0.73,1.65,1.59,2.69
Stephen Curry,2022-23,65,65,32.6,23.15,7.8,15.66,0.498,2.11,5.48,0.385,5.45,6.4,0.851,1.75,6.65,8.4,2.68,0.89,1.54,2.11,3.02
Joel Embiid,2011-12,42,0,8.5,2.6,0.76,1.88,0.405,0.05,0.26,0.182,1.02,1.33,0.768,0.55,0.79,1.33,0.33,0.26,0.12,0.33,0.48
Luka Doncic,2012-13,82,20,26,8.6,2.91,6.24,0.467,0.49,1.28,0.381,2.28,2.84,0.803,1.66,2.34,4,1.4,0.95,0.38,0.76,1.18
Damian Lillard,2013-14,67,67,38.7,13.1,4.1,10.34,0.397,1.01,3.58,0.283,3.88,5.04,0.769,1.3,3.63,4.93,2.61,1.9,0.54,1.52,1.58
Shai Gilgeous-Alexander,2014-15,65,65,38.7,20.02,6.48,14.03,0.462,1.12,2.97,0.378,5.94,7.12,0.834,1.75,4.08,5.83,3.26,1.75,0.55,1.43,1.66
Giannis Antetokounmpo,2015-16,67,67,36.9,20.88,7.01,15.43,0.455,0.96,3.07,0.311,5.9,7.09,0.832,1.18,4.16,5.34,4.79,1.64,0.64,1.97,1.85
Jayson Tatum,2016-17,76,75,37,23.89,7.5,16.47,0.455,1.2,3.26,0.367,7.7,8.89,0.865,1.7,4.49,6.18,5.49,1.88,0.42,2.09,1.47
Stephen Curry,2017-18,59,59,36.7,22.15,7.41,15.61,0.474,1.19,3.39,0.35,6.15,7.2,0.854,1.34,3.98,5.32,4.88,1.97,0.41,1.83,1.32
Kevin Durant,2018-19,65,65,33.6,18.69,6.43,13.91,0.462,1.03,2.97,0.347,4.8,5.62,0.855,1.86,3.4,5.26,4.05,1.89,0.6,1.46,1.71
LeBron James,2019-20,58,58,33.8,19.95,5.95,13.07,0.455,0.5,2.05,0.244,7.55,9.05,0.834,1.83,4.83,6.66,6.03,1.78,0.55,2.19,1.4
Donovan Mitchell,2020-21,52,52,33.6,21.46,7.04,14.15,0.497,0.48,1.96,0.245,6.9,8,0.863,1.81,5.1,6.9,7.1,2.08,0.35,2.1,1.37
Devin Booker,2021-22,57,57,33.9,21.39,6.98,14.54,0.48,0.47,2.04,0.233,6.95,7.98,0.87,1.79,4.11,5.89,5.47,1.65,0.47,2.12,1.54
Kyrie Irving,2022-23,64,64,33.4,22.91,7.48,13.88,0.539,0.56,1.61,0.35,7.38,8.67,0.85,2.2,3.66,5.86,5.31,1.83,0.33,1.58,1.25
Joel Embiid,2021-22,67,67,31.9,17.27,6.06,14.24,0.426,2.34,6.84,0.343,2.81,3.52,0.797,0.49,2.88,3.37,2.63,0.66,0.27,2.01,1.54
Luka Doncic,2022-23,76,76,34.2,22.14,7.45,17.88,0.416,2.46,7.29,0.338,4.79,6.09,0.786,0.57,3.17,3.74,3.7,0.78,0.24,2.63,1.72
Joel Embiid,2019-20,17,1,17.7,9.06,3.12,5.24,0.596,0.76,1.29,0.591,2.06,2.59,0.795,0.59,2.76,3.35,0.88,0.82,0.12,0.76,1.65
Luka Doncic,2020-21,69,67,28.5,12.77,4.9,10.22,0.479,0.87,2.62,0.331,2.1,2.84,0.74,1.35,4.62,5.97,1.75,0.58,0.35,1.13,2.06
Damian Lillard,2021-22,75,74,31.9,17.04,6.28,13.48,0.466,2.12,5.32,0.398,2.36,3.12,0.756,1.07,5.03,6.09,2.11,0.77,0.19,1.23,1.97
Shai Gilgeous-Alexander,2022-23,63,63,32.7,21.98,7.98,17.67,0.452,2.13,6.46,0.329,3.89,5.19,0.749,0.89,4.16,5.05,2.9,0.73,0.17,2.13,1.98
Joel Embiid,2011-12,66,29,24.4,12.52,4.82,10.88,0.443,1.68,4.06,0.414,1.2,1.38,0.868,0.36,2.08,2.44,2.02,0.74,0.3,1.56,2.35
Luka Doncic,2012-13,82,82,35.8,16.57,6.2,14.7,0.422,2.57,6.41,0.401,1.61,1.91,0.841,0.39,3.34,3.73,2.23,1.05,0.55,1.91,2.89
Damian Lillard,2013-14,81,81,35.4,18.37,6.9,15.54,0.444,2.75,6.6,0.417,1.81,2.28,0.795,0.47,2.6,3.07,2.23,0.91,0.46,1.67,2.89
Shai Gilgeous-Alexander,2014-15,77,77,31.9,21.66,7.82,16.87,0.463,3.1,7.08,0.439,2.92,3.32,0.879,0.35,2.86,3.21,2.88,1.13,0.78,1.94,1.58
Giannis Antetokounmpo,2015-16,80,80,33.3,22.14,8.14,17.32,0.47,3.45,8.12,0.425,2.41,2.76,0.873,0.44,3.39,3.83,2.08,0.75,0.61,1.73,1.9
Jayson Tatum,2016-17,78,78,34,22.33,8.26,17.64,0.468,3.44,8.29,0.414,2.38,2.79,0.853,0.63,3.03,3.65,2.05,0.85,0.51,1.64,1.78
Stephen Curry,2017-18,73,73,34.3,20.01,7.88,16.14,0.488,3.14,7.12,0.44,1.12,1.34,0.837,0.42,3.37,3.79,2.53,0.75,0.47,1.75,1.6
Kevin Durant,2018-19,78,78,34,21.54,8.4,17.97,0.467,3.09,7.68,0.402,1.65,2.03,0.816,0.47,3.36,3.83,2.38,1.08,0.6,1.47,2.01
LeBron James,2021-22,32,32,29.4,20.38,7.69,17.91,0.429,3.56,9.25,0.385,1.44,1.59,0.902,0.47,3.44,3.91,2.75,0.5,0.53,1.34,1.69
Donovan Mitchell,2022-23,69,69,33,21.87,7.91,18.14,0.436,4.36,10.59,0.412,1.68,1.91,0.879,0.57,3.58,4.14,2.36,0.71,0.42,1.78,1.88
Joel Embiid,2019-20,59,59,30.9,12.34,4.75,11.85,0.401,1.78,5.02,0.355,1.07,1.22,0.875,0.46,1.42,1.88,3.88,0.71,0.07,2.56,1.56
Luka Doncic,2020-21,54,50,33.1,17.43,6.7,14.85,0.451,1.94,4.93,0.395,2.07,2.44,0.848,0.43,1.96,2.39,6.09,1.22,0.11,3.04,2.04
Damian Lillard,2021-22,68,68,35.7,21.66,7.97,17.25,0.462,2.56,6.68,0.383,3.16,3.54,0.892,0.57,2.72,3.29,8.57,1.31,0.1,3.65,1.69
Shai Gilgeous-Alexander,2022-23,69,69,35.5,21.59,7.57,16.36,0.462,2.45,5.97,0.41,4.01,4.65,0.863,0.41,2.28,2.68,7.8,1.23,0.13,2.88,2.14
Joel Embiid,2014-15,78,28,23.8,8.97,3.35,7.38,0.453,1.17,3.28,0.355,1.12,1.36,0.821,0.64,2.09,2.73,0.87,0.44,0.12,1,1.33
Luka Doncic,2015-16,79,39,26.8,11.23,4.1,9.48,0.433,1.63,4.28,0.382,1.39,1.67,0.833,0.46,2.77,3.23,1.25,0.37,0.06,1.46,1.51
Damian Lillard,2016-17,81,54,25.7,13.74,4.64,10.43,0.445,1.78,4.84,0.367,2.68,3,0.893,0.46,2.96,3.42,1.37,0.42,0.09,1.62,1.8
Shai Gilgeous-Alexander,2017-18,80,80,30.8,14.26,5.05,10.65,0.474,1.94,4.83,0.402,2.23,2.56,0.868,0.38,3,3.38,1.49,0.69,0.1,1.32,1.61
Giannis Antetokounmpo,2018-19,81,81,31.8,17.95,6.44,12.98,0.497,2.02,4.77,0.425,3.04,3.77,0.807,0.41,3.7,4.11,1.99,0.85,0.01,1.65,1.7
Jayson Tatum,2019-20,63,63,33.1,20.24,6.63,14.84,0.447,3,7.25,0.414,3.97,4.4,0.903,0.62,3.49,4.11,2.08,0.54,0.11,2.52,1.75
Stephen Curry,2020-21,72,72,30.8,17.01,5.64,12.85,0.439,2.5,6.4,0.39,3.24,3.68,0.879,0.56,3.35,3.9,1.89,0.62,0.06,1.78,1.6
Kevin Durant,2021-22,69,69,30.9,18.09,6.12,13.45,0.455,2.62,6.78,0.387,3.23,3.77,0.858,0.84,3.45,4.29,1.74,0.49,0.01,1.71,1.68
LeBron James,2022-23,59,59,32.1,21.58,7.29,14.95,0.488,2.46,5.98,0.411,4.54,5.14,0.884,0.61,3.17,3.78,2.58,0.58,0.14,2.29,1.92
Joel Embiid,2020-21,68,17,22.3,9.19,3.44,7.34,0.469,1.72,3.99,0.432,0.59,0.72,0.816,0.46,2.63,3.09,1.74,0.6,0.24,0.87,1.84
Luka Doncic,2021-22,76,76,29.8,18.21,6.68,14.49,0.461,3,6.88,0.436,1.84,2.04,0.903,0.61,3.79,4.39,2.74,1.21,0.38,1.46,2.58
Damian Lillard,2022-23,58,58,31.8,21.5,7.76,16.19,0.479,2.86,7.02,0.408,3.12,3.53,0.883,0.74,4.28,5.02,4.38,0.97,0.38,2.17,2.59
Joel Embiid,2017-18,77,37,31.2,16.13,6.08,13.49,0.45,2.06,5.64,0.366,1.91,2.7,0.707,1.14,5.13,6.27,1.83,0.64,0.44,1.82,2.08
Luka Doncic,2018-19,70,68,33.1,18.69,7.09,15.53,0.456,1.83,6.03,0.303,2.69,3.57,0.752,0.86,4.6,5.46,2.54,0.59,0.37,1.9,2.43
Damian Lillard,2019-20,61,9,25,12.82,4.77,10.95,0.436,1.41,4.46,0.316,1.87,2.54,0.735,0.85,3.62,4.48,1.31,0.46,0.43,1.49,2.07
Shai Gilgeous-Alexander,2020-21,68,32,28.7,12.85,4.93,11.13,0.443,2.01,5.59,0.361,0.99,1.43,0.691,1.59,4.54,6.13,1.87,0.51,0.6,1.66,1.78
Giannis Antetokounmpo,2021-22,66,66,33.4,17.12,6.41,14.18,0.452,1.94,5.68,0.341,2.36,3.32,0.712,1.06,7.44,8.5,3.53,0.64,0.86,2.56,1.94
Jayson Tatum,2022-23,64,64,35,21.2,8,17.84,0.448,2.5,7.52,0.333,2.7,3.7,0.73,0.86,6.38,7.23,3.73,0.56,0.45,2.97,2.27
Joel Embiid,2015-16,39,0,8,1.85,0.74,2.72,0.274,0.15,0.69,0.222,0.21,0.26,0.8,0.62,1,1.62,0.95,0.15,0.03,0.49,0.59
Luka Doncic,2016-17,74,0,17.1,5.54,2.04,5.55,0.367,0.77,2.42,0.318,0.69,0.89,0.773,0.54,2.53,3.07,1.77,0.62,0.15,0.64,0.93
Damian Lillard,2017-18,80,16,25.9,11.25,3.95,10,0.395,1.91,5.03,0.381,1.44,1.86,0.772,0.79,3.91,4.7,2.9,1,0.24,1,1.54
Shai Gilgeous-Alexander,2018-19,79,14,22.7,8.96,3.27,8.43,0.387,1.51,4.27,0.353,0.92,1.18,0.785,0.41,3.48,3.89,2.92,0.86,0.27,0.86,1.28
Giannis Antetokounmpo,2019-20,63,63,34.4,18,6.32,14.94,0.423,2.73,6.71,0.407,2.63,3.02,0.874,0.79,3.59,4.38,4.11,0.97,0.16,2.24,2
Jayson Tatum,2020-21,69,69,34.5,20.39,7.39,16.43,0.45,3.22,8.28,0.389,2.39,2.93,0.817,0.68,3.7,4.38,4.25,1.26,0.38,1.86,1.72
Stephen Curry,2021-22,73,73,33.7,19.29,7.1,15.99,0.444,3.04,8.12,0.374,2.05,2.41,0.852,0.77,3.55,4.32,4.47,1.27,0.34,1.32,1.63
Kevin Durant,2022-23,63,63,35.3,21.1,7.83,18.86,0.415,2.62,8.02,0.327,2.83,3.49,0.809,0.81,3.3,4.11,5.06,1.17,0.25,2.13,1.89
Joel Embiid,2018-19,20,1,7,3.75,1.4,3.15,0.444,0.5,1.45,0.345,0.45,0.8,0.563,0.15,0.5,0.65,0.65,0.05,0,0.55,0.45
Luka Doncic,2019-20,70,4,20.7,8.27,3.06,7.66,0.399,1.07,3.23,0.332,1.09,1.31,0.826,0.36,1.81,2.17,1.39,0.37,0.14,0.87,1.93
Damian Lillard,2020-21,64,0,17.3,7.84,2.62,6.27,0.419,1.88,4.41,0.426,0.72,0.89,0.807,0.22,1.97,2.19,1.39,0.28,0.12,0.67,1.5
Shai Gilgeous-Alexander,2021-22,57,30,29.5,17.33,6.19,13.98,0.443,3.14,7.75,0.405,1.81,2.04,0.888,0.46,2.19,2.65,3.88,0.53,0.11,2.02,1.93
Giannis Antetokounmpo,2022-23,62,62,35,21.06,7.53,16.85,0.447,3.42,9.06,0.377,2.58,2.89,0.894,0.29,2.31,2.6,4.08,0.68,0.23,2.06,2.29
Joel Embiid,2009-10,76,0,22.9,9.91,3.07,7.61,0.403,1.22,3.26,0.375,2.55,3.16,0.808,0.62,2.59,3.21,1.8,1.05,0.26,1.39,2.63
Luka Doncic,2010-11,82,5,26.7,12.17,3.63,8.34,0.436,1.38,3.95,0.349,3.52,4.18,0.843,0.51,2.6,3.11,2.15,1.12,0.29,1.29,2.52
Damian Lillard,2011-12,62,2,31.4,16.84,4.98,10.15,0.491,1.84,4.71,0.39,5.03,5.95,0.846,0.48,3.58,4.06,3.69,1,0.24,2.21,2.42
Shai Gilgeous-Alexander,2012-13,78,78,38.3,25.94,7.5,17.14,0.438,2.29,6.23,0.368,8.64,10.15,0.851,0.79,4.06,4.86,5.83,1.82,0.49,3.78,2.28
Giannis Antetokounmpo,2013-14,73,73,38,25.36,7.52,16.51,0.456,2.42,6.62,0.366,7.89,9.11,0.866,0.84,3.88,4.71,6.11,1.58,0.4,3.63,2.42
Jayson Tatum,2014-15,81,81,36.8,27.37,7.99,18.15,0.44,2.57,6.85,0.375,8.83,10.17,0.868,0.93,4.74,5.67,6.98,1.9,0.74,3.96,2.57
Stephen Curry,2015-16,82,82,38.1,28.98,8.66,19.72,0.439,2.88,8.01,0.359,8.78,10.21,0.86,0.77,5.34,6.11,7.46,1.7,0.62,4.56,2.79
Kevin Durant,2016-17,81,81,36.4,29.09,8.32,18.93,0.44,3.23,9.33,0.347,9.21,10.88,0.847,1.17,6.96,8.14,11.2,1.49,0.47,5.73,2.65
LeBron James,2017-18,72,72,35.4,30.43,9.04,20.12,0.449,3.68,10.03,0.367,8.67,10.1,0.858,0.57,4.83,5.4,8.75,1.75,0.69,4.38,2.35
Donovan Mitchell,2018-19,78,78,36.8,36.13,10.81,24.47,0.442,4.85,13.18,0.368,9.67,11,0.879,0.85,5.79,6.64,7.51,2.03,0.74,4.96,3.13
Devin Booker,2019-20,68,68,36.5,34.34,9.88,22.26,0.444,4.4,12.4,0.355,10.18,11.76,0.865,1.03,5.53,6.56,7.53,1.84,0.88,4.53,3.34
Kyrie Irving,2020-21,44,43,36.6,24.61,7.77,16.68,0.466,2.75,7.59,0.362,6.32,7.34,0.861,0.8,7.11,7.91,10.8,1.2,0.75,4.02,2.25
Jaylen Brown,2021-22,65,65,37.2,22.03,6.26,15.26,0.41,2.28,6.89,0.33,7.23,8.25,0.877,0.85,6.85,7.69,10.26,1.26,0.55,4.37,2.35
Trae Young,2022-23,58,58,36.8,20.97,6.4,14.52,0.441,2.78,7.21,0.385,5.4,6.22,0.867,0.69,5.41,6.1,10.66,1.22,0.53,3.36,1.93
Joel Embiid,2013-14,38,0,12.5,5.29,1.95,4.68,0.416,0.79,2.11,0.375,0.61,0.89,0.676,0.18,1.08,1.26,0.71,0.37,0.05,0.92,1.39
Luka Doncic,2014-15,62,3,15.7,6.84,2.56,5.89,0.436,0.89,2.24,0.396,0.82,1.18,0.699,0.23,1.24,1.47,1.03,0.69,0.13,0.77,1.31
Damian Lillard,2015-16,80,80,34.7,20.82,8.01,17.89,0.448,2.46,5.9,0.417,2.34,2.83,0.827,0.59,2.65,3.24,4.26,1.21,0.29,2.45,2.34
Shai Gilgeous-Alexander,2016-17,80,80,34.9,22.96,8.65,18.01,0.48,2.31,5.49,0.421,3.35,3.67,0.912,0.75,2.86,3.61,3.56,0.9,0.53,2.15,2.52
Giannis Antetokounmpo,2017-18,81,81,36.1,21.38,8.23,18.58,0.443,2.33,5.88,0.397,2.58,3.09,0.836,0.65,3.31,3.96,3.36,0.95,0.43,1.86,2.07
Jayson Tatum,2018-19,70,70,33.9,20.97,8.16,17.76,0.459,2.39,6.36,0.375,2.27,2.74,0.828,0.89,3.14,4.03,2.96,0.79,0.4,1.51,2.46
Stephen Curry,2019-20,70,70,36.5,22.23,8.73,19.37,0.451,2.77,7.31,0.379,2,2.64,0.757,0.66,3.59,4.24,4.43,0.77,0.6,1.81,2.61
Kevin Durant,2020-21,47,47,34,23.13,8.62,18.81,0.458,3.6,8.94,0.402,2.3,2.83,0.812,0.64,3.3,3.94,4.74,0.94,0.45,1.38,1.85
LeBron James,2021-22,62,62,34.6,22.1,8.65,18.77,0.46,2.94,7.56,0.388,1.87,2.74,0.682,0.85,3.48,4.34,5.08,1.13,0.35,2.05,1.95
Donovan Mitchell,2022-23,75,75,35.3,20.91,7.83,17.92,0.437,2.81,7.24,0.389,2.44,3.17,0.769,0.73,3.64,4.37,5.72,0.93,0.51,2.44,2.04
Joel Embiid,2014-15,59,38,25,11.92,4.53,10.1,0.448,0.64,2.05,0.314,2.22,2.68,0.829,0.95,2.29,3.24,3.49,0.86,0.2,1.63,1.85
Luka Doncic,2015-16,79,79,32.3,15.51,6.01,13.9,0.433,1.41,4.05,0.347,2.08,2.58,0.804,1.18,2.78,3.96,2.43,1.11,0.09,1.71,2.13
Damian Lillard,2016-17,82,19,29.2,14.7,5.82,13.06,0.445,1.43,4.34,0.329,1.63,2.05,0.798,0.6,2.4,3,2.6,1.07,0.1,2,1.83
Shai Gilgeous-Alexander,2017-18,81,2,23.3,13.88,5.31,11.78,0.451,1.38,3.93,0.352,1.88,2.35,0.8,0.7,1.98,2.68,2.73,0.72,0.07,1.57,1.32
Giannis Antetokounmpo,2018-19,81,0,27.3,16.84,6.53,14.57,0.448,1.78,5.49,0.324,2,2.37,0.844,1.01,2.32,3.33,2.42,0.7,0.16,1.67,1.38
Jayson Tatum,2019-20,71,2,24,15.18,5.55,12.21,0.454,2.14,5.82,0.368,1.94,2.32,0.836,0.7,1.93,2.63,1.92,0.65,0.23,1.37,1.52
Stephen Curry,2020-21,68,1,26.7,18.4,6.72,15.81,0.425,3.06,8.81,0.347,1.9,2.12,0.896,0.69,3.34,4.03,2.47,0.9,0.15,1.69,1.62
Kevin Durant,2021-22,79,1,27.1,16.03,5.9,14.09,0.419,2.41,7.56,0.318,1.82,2.2,0.828,0.85,2.61,3.46,2.46,0.84,0.2,1.63,1.89
LeBron James,2022-23,61,61,32.6,20.84,7.51,16.9,0.444,2.54,7.52,0.338,3.28,4.02,0.816,1.18,2.85,4.03,4.43,0.54,0.21,3.05,1.97
Joel Embiid,2014-15,65,11,21.2,6.32,1.91,5.42,0.352,0.75,2.4,0.314,1.75,2.97,0.591,0.75,2.29,3.05,1.22,0.62,1.05,1.31,2.22
Luka Doncic,2015-16,77,52,26.8,9.73,3.26,7.78,0.419,0.45,1.9,0.24,2.75,4.18,0.658,1.29,3.4,4.69,1.75,0.7,1.65,1.43,2.79
Damian Lillard,2016-17,80,4,19.1,5.46,1.9,4.1,0.463,0.54,1.45,0.371,1.12,1.84,0.612,0.47,2.09,2.56,0.57,0.41,0.99,0.55,1.86
Shai Gilgeous-Alexander,2017-18,81,1,20.3,8.42,3.01,5.63,0.535,0.4,1.36,0.291,2,2.96,0.675,1.06,2.88,3.94,0.7,0.38,0.95,0.67,1.91
Giannis Antetokounmpo,2018-19,80,77,32.7,13.62,5.11,10.29,0.497,1.44,3.66,0.392,1.96,2.76,0.71,1.2,4.01,5.21,0.99,0.76,1.25,0.84,2.67
Jayson Tatum,2019-20,71,24,26.6,11.99,4.27,8.93,0.478,1.38,3.55,0.389,2.07,2.76,0.75,0.82,2.68,3.49,1.24,0.7,0.8,0.89,2.17
Stephen Curry,2020-21,54,54,33.9,22.31,7.41,17.26,0.429,2.13,6.09,0.35,5.37,6.35,0.845,0.65,3.98,4.63,2.81,0.65,1.07,2.02,2.31
Kevin Durant,2021-22,47,47,31.9,19.23,6.34,14.87,0.426,1.94,5.4,0.358,4.62,5.51,0.838,0.6,3.47,4.06,2.36,0.94,1.04,1.81,2.28
LeBron James,2022-23,63,63,35.6,20.48,6.89,14.49,0.475,2.29,5.7,0.401,4.41,5.43,0.813,0.84,3.65,4.49,2.38,0.81,0.84,1.84,2.41
Joel Embiid,2016-17,38,8,8.5,3.42,1.32,3.05,0.431,0.24,0.61,0.391,0.55,0.79,0.7,0.16,0.95,1.11,1.26,0.21,0.16,1,0.76
Luka Doncic,2017-18,81,48,21.5,8.07,3.33,7.52,0.443,0.11,0.42,0.265,1.3,1.83,0.709,1.36,4.31,5.67,2.85,1.2,0.38,1.65,1.86
Damian Lillard,2019-20,66,58,25.6,10.91,4.45,9.65,0.462,0.62,1.68,0.369,1.38,1.73,0.798,1.05,4.76,5.8,4.11,1.68,0.26,1.89,2.17
Shai Gilgeous-Alexander,2020-21,67,67,31.9,15.69,6.58,14.54,0.453,0.94,2.97,0.317,1.58,2,0.791,0.87,6.19,7.06,5.42,1.51,0.1,1.75,2.01
Giannis Antetokounmpo,2021-22,68,68,34.8,21.15,8.43,18.25,0.462,1.41,4.32,0.327,2.88,3.63,0.794,1.18,7.1,8.28,9.22,2.03,0.34,2.65,2.03
Jayson Tatum,2022-23,74,74,36.4,20.47,8.27,17.82,0.464,1.8,5.23,0.344,2.14,2.57,0.832,0.72,4.54,5.26,6.05,1.51,0.26,2.16,1.43
Joel Embiid,2019-20,57,14,22.3,8.82,2.93,8.81,0.333,1.3,4.65,0.279,1.67,2.09,0.798,0.16,1.91,2.07,2.35,0.61,0.18,1.3,1.65
Luka Doncic,2020-21,51,7,19.4,12,4.02,9.29,0.432,1.9,5.41,0.351,2.06,2.33,0.882,0.29,1.51,1.8,1.94,0.51,0.18,1,1.69
Damian Lillard,2021-22,76,51,30,18.49,6.24,13.92,0.448,2.78,7.63,0.364,3.24,3.5,0.925,0.45,2.97,3.42,4,0.79,0.3,2.46,2.71
Shai Gilgeous-Alexander,2022-23,82,43,30,20.43,6.71,15.59,0.43,2.61,7.77,0.336,4.4,5.06,0.87,0.39,2.35,2.74,4.5,0.77,0.26,3.07,2.61
Joel Embiid,2017-18,69,19,19.8,6.91,2.52,4.93,0.512,0,0.1,0,1.87,2.59,0.721,1.71,3.81,5.52,1.46,0.46,0.59,0.96,2
Luka Doncic,2018-19,82,28,23.3,8.89,3.41,5.93,0.576,0.04,0.18,0.2,2.02,2.76,0.735,2.01,5.27,7.28,2.24,0.87,0.79,1.48,2.48
Damian Lillard,2019-20,72,72,33.6,15.92,6.11,10.97,0.557,0.03,0.19,0.143,3.67,5.31,0.691,2.44,7.76,10.21,5.11,1.14,1.29,2.83,2.53
Shai Gilgeous-Alexander,2020-21,64,64,33.5,18.7,7.12,12.5,0.57,0.03,0.12,0.25,4.42,5.53,0.799,2.22,6.73,8.95,5.41,1.17,1.03,2.64,2.27
Giannis Antetokounmpo,2021-22,56,56,32.6,19.07,7.25,13.02,0.557,0,0.11,0,4.57,6.07,0.753,2.45,7.62,10.07,3.39,1.41,0.79,2.64,3.05
Jayson Tatum,2022-23,75,75,34.6,20.39,8.03,14.85,0.54,0.01,0.16,0.083,4.32,5.36,0.806,2.45,6.72,9.17,3.2,1.17,0.81,2.49,2.77
Joel Embiid,2020-21,61,8,15.3,8,3.25,7.03,0.462,0.51,1.69,0.301,1,1.15,0.871,0.18,1.52,1.7,1.97,0.43,0.21,0.67,1.3
Luka Doncic,2021-22,75,74,35.3,17.48,6.44,13.27,0.485,1.76,4.12,0.427,2.84,3.28,0.866,0.35,2.85,3.2,4.28,0.73,0.43,1.17,2.08
Damian Lillard,2022-23,60,41,33.6,20.3,7.32,15.22,0.481,2.67,6.15,0.434,3,3.55,0.845,0.38,2.55,2.93,3.53,0.82,0.13,1.33,2.2
Joel Embiid,2018-19,82,56,29.5,8.34,2.95,6.87,0.43,1.28,3.82,0.335,1.16,1.44,0.805,0.68,2.54,3.22,2.11,1.57,0.46,0.85,2.45
Luka Doncic,2019-20,73,32,28,9.14,3.38,6.63,0.51,0.96,2.66,0.361,1.41,1.67,0.844,0.9,3.1,4,1.77,1.4,0.63,1,2.23
Damian Lillard,2020-21,72,72,32.6,13.47,5.04,9.29,0.543,1.86,4.38,0.425,1.53,1.82,0.84,1.06,3.24,4.29,2.11,1.06,0.88,0.79,1.61
Shai Gilgeous-Alexander,2021-22,82,82,34.8,14.17,5.59,10.46,0.534,1.4,3.8,0.369,1.6,1.91,0.834,0.9,3.33,4.23,2.26,1.17,0.44,0.83,1.83
Giannis Antetokounmpo,2022-23,83,83,35.7,20.13,7.14,15.27,0.468,2.04,5.33,0.382,3.81,4.25,0.895,0.95,3.43,4.39,3.29,1.1,0.73,1.53,1.92
Joel Embiid,2019-20,55,8,27.4,13.51,4.91,11.47,0.428,2.11,5.42,0.389,1.58,1.82,0.87,0.29,3.78,4.07,2.2,0.62,0.16,1.58,1.38
Luka Doncic,2020-21,54,15,30.3,15.09,5.69,12.94,0.439,1.98,5.5,0.36,1.74,2.17,0.803,0.46,4.5,4.96,3.41,0.65,0.31,1.87,1.31
Damian Lillard,2021-22,66,10,32.6,20.71,7.59,17,0.447,2.65,6.65,0.399,2.88,3.32,0.868,0.48,4.5,4.98,3.98,0.67,0.12,2.64,1.44
Shai Gilgeous-Alexander,2022-23,67,67,34.9,20.1,7.27,16.55,0.439,3.03,8.01,0.378,2.54,2.72,0.934,0.4,4.97,5.37,4.18,0.76,0.24,2.36,1.51
Joel Embiid,2016-17,82,9,21.5,9.89,3.6,8.9,0.404,1.4,4.2,0.334,1.29,1.46,0.883,0.5,2.11,2.61,2.07,0.62,0.29,1.38,1.51
Luka Doncic,2017-18,81,80,31.7,16.69,5.91,13.11,0.451,2.04,5.38,0.378,2.83,3.12,0.905,1.01,2.65,3.67,3.38,0.98,0.35,2.12,2.14
Damian Lillard,2018-19,75,74,32.6,18.23,6.84,15.64,0.437,2.03,5.52,0.367,2.52,2.97,0.848,0.87,3.36,4.23,4.84,0.89,0.36,2.11,2.04
Shai Gilgeous-Alexander,2019-20,59,59,32.3,18.49,6.92,15.15,0.456,1.9,5.49,0.346,2.76,3.14,0.881,0.76,3.24,4,4.81,1.14,0.29,2.15,1.73
Giannis Antetokounmpo,2020-21,48,48,35.5,21.21,7.88,16.5,0.477,2.69,6.58,0.408,2.77,3.19,0.869,0.77,3.27,4.04,4.81,1.33,0.27,2.25,1.98
Jayson Tatum,2022-23,65,65,32.8,19.97,7.28,16.02,0.454,2.65,6.65,0.398,2.77,3.32,0.833,0.74,3.22,3.95,6.15,1.02,0.25,2.23,1.58
Joel Embiid,2022-23,72,72,33.7,19.96,6.65,15.58,0.427,1.18,3.96,0.298,5.47,7.42,0.738,1.17,5.74,6.9,3.74,0.83,0.54,2.78,2.22
Joel Embiid,2019-20,56,55,30.4,14.34,5.21,12.98,0.402,1.12,3.52,0.32,2.79,4.54,0.614,0.89,4.09,4.98,2.55,0.98,0.3,2.21,2.18
Luka Doncic,2020-21,72,72,34.9,17.56,6.49,14.72,0.441,1.72,4.29,0.401,2.86,3.83,0.746,0.94,4.81,5.75,3.01,0.74,0.28,1.93,2.61
Damian Lillard,2021-22,70,70,34.5,20.03,6.96,17.06,0.408,1.97,5.77,0.342,4.14,5.8,0.714,0.94,4.89,5.83,2.97,0.61,0.23,2.16,2.03
Shai Gilgeous-Alexander,2022-23,73,73,33.9,19.6,6.99,16.11,0.434,1.66,5.34,0.31,3.97,5.37,0.74,0.82,4.22,5.04,2.75,0.42,0.21,2.25,2.45
Joel Embiid,2016-17,37,0,7.9,2.89,1.05,3,0.351,0.3,0.78,0.379,0.49,0.59,0.818,0.11,1.03,1.14,0.95,0.43,0.08,0.41,0.97
Luka Doncic,2017-18,76,0,20,8.63,3.05,7.17,0.426,1.42,3.43,0.414,1.11,1.33,0.832,0.33,2.09,2.42,3.2,0.89,0.25,0.97,1.71
Damian Lillard,2018-19,64,28,27.5,10.95,3.84,9.38,0.41,1.75,4.62,0.378,1.52,1.8,0.843,0.33,2.28,2.61,4.8,0.89,0.31,1.28,1.72
Shai Gilgeous-Alexander,2019-20,54,54,35.7,17.63,5.91,14.31,0.413,2.7,6.93,0.39,3.11,3.67,0.848,0.33,3.43,3.76,6.61,1.85,0.31,2.24,2.44
Giannis Antetokounmpo,2020-21,52,52,36.5,19.6,6.5,16.73,0.389,3.35,9.15,0.366,3.25,3.67,0.885,0.62,3.62,4.23,6.31,1.67,0.71,1.83,2.29
Jayson Tatum,2021-22,65,65,37.9,20.31,6.8,16.88,0.403,3.72,9.88,0.377,2.98,3.42,0.874,0.68,3.77,4.45,6.68,1.71,0.55,2.62,2.49
Stephen Curry,2022-23,69,69,36.7,19.35,6.33,16.12,0.393,3,8.78,0.342,3.68,4.1,0.898,0.43,3.62,4.06,7.17,1.78,0.55,2.03,2.8
Joel Embiid,2009-10,73,51,24.2,8.04,3.15,7.12,0.442,0.85,2.18,0.39,0.89,1.18,0.756,0.77,1.85,2.62,3.84,1.08,0.25,2.14,2.1
Luka Doncic,2010-11,82,82,35.4,13.96,5.44,12.18,0.446,0.99,2.71,0.365,2.1,2.55,0.823,0.83,3.22,4.05,6.46,1.46,0.35,2.66,2.48
Damian Lillard,2011-12,65,65,33.8,13.52,5.54,12.83,0.432,1,2.63,0.38,1.45,1.85,0.783,0.88,2.38,3.26,4.46,1.58,0.28,2.08,2.11
Shai Gilgeous-Alexander,2012-13,78,78,37.5,17.73,7.12,16.51,0.431,1.17,3.17,0.368,2.33,3.1,0.752,1.14,3.08,4.22,8.01,1.58,0.41,3.74,2.18
Giannis Antetokounmpo,2013-14,34,34,33.6,14.32,5.97,13.35,0.447,0.88,2.26,0.39,1.5,1.85,0.81,0.82,3.35,4.18,7.88,1.65,0.35,3.09,2.71
Jayson Tatum,2014-15,40,37,32.6,14.8,5.95,13.35,0.446,1.27,3.38,0.378,1.62,1.9,0.855,0.8,2.58,3.38,6.85,1.57,0.57,2.27,2.75
Stephen Curry,2015-16,65,23,28.2,16.75,6.31,14.38,0.439,1.34,3.98,0.336,2.8,3.32,0.843,0.42,2.58,3,6.02,1.35,0.34,2.57,2.28
Kevin Durant,2016-17,67,61,32.7,15.36,6.04,13.33,0.454,1.49,4.19,0.356,1.78,2.51,0.708,0.69,3.25,3.94,7.28,1.49,0.66,2.9,1.99
LeBron James,2017-18,81,81,36.1,18.98,7.59,15.36,0.494,1.48,4.4,0.337,2.31,2.94,0.786,0.77,3.74,4.51,6,1.52,0.79,2.63,2.48
Donovan Mitchell,2018-19,67,67,35.9,21.19,8.16,17.3,0.472,1.76,5.42,0.325,3.1,4.04,0.768,1.12,3.87,4.99,7.73,1.63,0.81,3.13,2.21
Devin Booker,2019-20,61,61,34.7,19.13,7.51,16.49,0.455,2,5.67,0.353,2.11,2.98,0.709,1.26,3.54,4.8,6.69,1.62,0.79,3.02,2.38
Kyrie Irving,2020-21,59,56,32.3,17.73,7.02,13.95,0.503,1.88,4.8,0.392,1.81,2.31,0.787,1.24,3.31,4.54,6.05,1.63,0.63,2.15,1.66
Jaylen Brown,2021-22,67,64,32.9,18.28,7.13,14.24,0.501,1.97,4.79,0.411,2.04,2.69,0.761,1.03,3.46,4.49,6.82,1.61,0.43,2.73,1.99
Trae Young,2022-23,67,65,32.6,19.25,7.31,15.27,0.479,2.36,6.13,0.384,2.27,2.64,0.859,1.18,3.91,5.09,7.39,1.18,0.37,2.94,1.73
Joel Embiid,2019-20,50,3,23.2,9.96,3.72,8.42,0.442,1.06,3.16,0.335,1.46,2.02,0.723,0.44,2.8,3.24,2.18,0.92,0.28,1.86,2.7
Luka Doncic,2020-21,26,23,32.1,16.58,6,14.12,0.425,1.92,6.19,0.311,2.65,3.62,0.734,0.77,3.04,3.81,6.31,0.73,0.31,3.5,2.35
Damian Lillard,2021-22,61,61,31.3,15.56,5.49,13.25,0.415,2.54,6.77,0.375,2.03,3.16,0.642,0.7,3.67,4.38,6.16,1.13,0.36,3.15,2.56
Shai Gilgeous-Alexander,2022-23,59,59,34.3,19.15,6.63,14.98,0.442,2.39,6.53,0.366,3.51,4.47,0.784,1.29,4.03,5.32,5.73,1.39,0.29,3.19,2.64
Joel Embiid,2016-17,81,66,20.1,5.91,2.37,5.94,0.399,0.63,1.96,0.321,0.54,0.83,0.657,0.57,2.99,3.56,1.01,0.48,0.4,1.02,2.47
Luka Doncic,2017-18,74,19,24.5,11.64,4.59,8.93,0.514,0.18,0.5,0.351,2.27,3.03,0.75,2.23,5.5,7.73,2.04,0.54,0.43,1.85,2.97
Damian Lillard,2018-19,74,5,24.8,14.09,5.58,9.46,0.59,0.12,0.23,0.529,2.81,3.93,0.715,2.51,6.81,9.32,2.86,0.65,0.41,2.16,3.23
Shai Gilgeous-Alexander,2019-20,62,62,34.8,18.5,7.39,13.68,0.54,0.27,1.08,0.254,3.45,4.77,0.723,3.05,9.39,12.44,5,0.76,0.48,2.74,3.15
Giannis Antetokounmpo,2020-21,62,62,36,20.32,7.81,14.58,0.535,0.84,2.61,0.321,3.87,5.29,0.732,2.42,9.55,11.97,6.69,1.23,0.53,3.44,3.27
Jayson Tatum,2021-22,62,61,34.5,18.89,7.15,12.47,0.573,0.63,2.02,0.312,3.97,5.35,0.741,3.24,8.89,12.13,5.21,0.95,0.44,3.15,3.27
Stephen Curry,2022-23,79,79,34.6,19.11,7.3,11.87,0.615,0.39,1.05,0.373,4.11,5.54,0.742,3.18,9.14,12.32,7.25,0.82,0.49,2.91,3.53
Joel Embiid,2018-19,58,56,26.1,13.76,5.14,10.16,0.506,0.88,2.45,0.359,2.6,3.4,0.766,1.26,3.43,4.69,1.1,0.9,1.41,1.69,3.79
Luka Doncic,2019-20,57,57,28.5,17.37,6.19,13.21,0.469,2.54,6.46,0.394,2.44,3.26,0.747,0.96,3.63,4.6,1.37,0.7,1.61,1.74,4.07
Damian Lillard,2020-21,11,4,23.5,14.36,4.82,11.36,0.424,1.55,5.45,0.283,3.18,3.82,0.833,1.55,4.09,5.64,1.09,1.09,1.64,1.36,3.82
Shai Gilgeous-Alexander,2021-22,78,78,27.3,16.31,5.51,13.28,0.415,1.64,5.14,0.319,3.64,4.42,0.823,1.53,4.29,5.82,1.1,0.94,2.27,1.67,3.49
Giannis Antetokounmpo,2022-23,63,63,28.4,18.62,6.6,13.05,0.506,1.59,4.48,0.355,3.83,4.86,0.788,1.71,5.05,6.76,0.95,1.03,3,1.7,3.6
Joel Embiid,2021-22,79,79,30.7,15.15,5.77,12.34,0.468,1.22,3.43,0.354,2.39,2.77,0.863,1.06,3.44,4.51,2.92,0.86,0.43,1.51,2.08
Luka Doncic,2022-23,80,80,32.6,18.56,6.78,13.97,0.485,1.62,4.5,0.361,3.39,4.03,0.842,0.88,3.24,4.11,3.54,0.96,0.21,2.09,2.29
Joel Embiid,2018-19,71,70,30.7,16.32,7.17,12.25,0.585,0,0.06,0,1.99,2.66,0.746,3.14,7.13,10.27,1.76,0.86,0.94,1.77,2.94
Luka Doncic,2019-20,38,32,32.5,18.16,8.16,14.95,0.546,0.08,0.34,0.231,1.76,2.34,0.753,3.87,7.61,11.47,1.89,0.68,1.53,2.11,3.08
Damian Lillard,2020-21,69,69,30.6,14.45,6.23,9.96,0.626,0.06,0.29,0.2,1.93,2.51,0.769,3.3,7.23,10.54,1.43,0.59,1.17,1.49,2.84
Shai Gilgeous-Alexander,2021-22,58,58,29.5,17.19,7.62,12.02,0.634,0.12,0.33,0.368,1.83,2.45,0.746,2.57,7.66,10.22,1.45,0.69,0.69,1.57,2.45
Giannis Antetokounmpo,2022-23,67,67,30.4,17.96,7.79,13.24,0.589,0.1,0.36,0.292,2.27,2.99,0.76,2.57,7.39,9.96,1.72,0.55,0.79,1.79,2.84
Joel Embiid,2015-16,60,30,22.8,10.32,4.4,8.83,0.498,0.05,0.23,0.214,1.47,2.02,0.727,1.13,4.4,5.53,0.68,0.42,1.43,1.12,2.63
Luka Doncic,2016-17,81,81,31.4,14.48,5.48,10.74,0.51,0.49,1.43,0.345,3.02,3.74,0.809,1.72,5.56,7.27,1.31,0.91,2.12,1.3,3.23
Damian Lillard,2017-18,65,62,28.3,12.74,4.71,9.83,0.479,0.86,2.42,0.357,2.46,3.17,0.777,1.43,4.98,6.42,1.34,0.58,1.82,1.48,2.86
Shai Gilgeous-Alexander,2018-19,74,74,28.6,13.3,5.14,10.54,0.487,1.03,2.65,0.388,2,2.72,0.736,1.36,5.81,7.18,1.55,0.81,2.69,1.35,2.64
Giannis Antetokounmpo,2019-20,62,62,29.5,12.08,4.32,9.47,0.457,1.39,4.03,0.344,2.05,2.73,0.751,1.39,5.18,6.56,1.16,0.74,2.13,1.37,2.68
Jayson Tatum,2020-21,47,47,31,12.6,4.38,9.19,0.477,1.47,4.38,0.335,2.36,3.02,0.782,1.34,5.17,6.51,1.02,0.85,3.38,1.43,3.51
Stephen Curry,2021-22,42,42,29.4,12.86,4.76,9.36,0.509,1.45,4.36,0.333,1.88,2.5,0.752,1.55,5.52,7.07,1.05,0.67,2.81,1.29,2.83
Kevin Durant,2022-23,62,62,29.4,17.95,6.48,11.82,0.548,1.5,4.02,0.373,3.48,4.45,0.783,1.42,6.1,7.52,1.44,0.58,2.26,1.66,3.47
Joel Embiid,2015-16,80,48,28.2,13.18,4.9,11.95,0.41,1.62,4.62,0.351,1.75,2.38,0.737,0.59,2.84,3.42,3.33,1.16,0.16,2.45,1.77
Luka Doncic,2016-17,63,60,28.7,15.62,5.57,13.76,0.405,2.14,6.1,0.352,2.33,2.98,0.782,0.49,3.02,3.51,4.81,1.38,0.25,2.79,2.06
Damian Lillard,2017-18,48,35,25.7,15.48,5.79,14,0.414,1.88,5.79,0.324,2.02,2.73,0.74,0.62,3.31,3.94,5.19,0.75,0.35,3.06,1.94
Shai Gilgeous-Alexander,2018-19,81,81,30.2,21.14,8.14,18.73,0.434,2.89,7.84,0.369,1.98,2.53,0.78,0.65,3.23,3.89,6.95,1.23,0.25,3.12,1.74
Giannis Antetokounmpo,2019-20,45,45,32.3,23.09,8,18.8,0.426,3.51,9.58,0.367,3.58,4.42,0.809,0.38,3.56,3.93,6.33,1.07,0.29,3.27,1.91
Jayson Tatum,2020-21,42,26,28.5,18.95,6.69,15.52,0.431,2.86,7.38,0.387,2.71,3.55,0.765,0.38,2.26,2.64,5.81,1.07,0.43,2.67,1.62
Stephen Curry,2021-22,65,65,31.9,18.09,6.17,15,0.411,2.71,7.97,0.34,3.05,3.69,0.825,0.38,2.94,3.32,7.08,0.95,0.34,2.54,2
Kevin Durant,2022-23,71,71,32.5,17.79,6.27,13.35,0.469,2.73,6.9,0.396,2.52,3.04,0.829,0.49,2.54,3.03,6.15,0.99,0.41,2.62,1.97
Joel Embiid,2011-12,51,15,15.9,5.55,2.57,5.71,0.45,0.06,0.16,0.375,0.35,0.67,0.529,1.73,3.1,4.82,0.61,0.39,0.67,0.65,2.18
Luka Doncic,2012-13,77,77,33.2,13.09,5.99,11.55,0.519,0,0.04,0,1.12,1.64,0.683,3.55,8.36,11.91,1.86,0.79,1.03,1.83,2.83
Damian Lillard,2013-14,57,57,31.8,14.23,6.19,12.21,0.507,0,0,0,1.84,2.4,0.766,3.25,7.74,10.98,1.82,1.05,0.82,1.96,2.96
Shai Gilgeous-Alexander,2014-15,74,74,34.2,19.3,8.53,16.3,0.523,0.03,0.08,0.333,2.22,2.95,0.752,3.22,7.73,10.95,1.99,0.73,0.73,2,2.97
Giannis Antetokounmpo,2015-16,65,60,31.3,18.17,8.2,16.09,0.51,0.03,0.14,0.222,1.74,2.31,0.753,2.66,6.18,8.85,2.75,0.82,1.08,1.89,2.66
Jayson Tatum,2016-17,75,55,28.8,14.61,6.44,13.75,0.468,0.31,1,0.307,1.43,2.13,0.669,2.35,8.04,10.39,2.77,1.01,0.99,1.56,2.4
Stephen Curry,2017-18,57,57,29.5,16.47,7,14.74,0.475,1.12,3.58,0.314,1.35,1.65,0.819,1.77,7.4,9.18,3.35,0.98,1.09,1.91,2.53
Kevin Durant,2018-19,80,80,31.4,20.81,8.76,16.93,0.518,1.05,2.89,0.364,2.24,2.84,0.789,2.8,9.2,12,3.84,1.01,1.11,1.99,1.96
LeBron James,2019-20,62,62,32.2,19.6,7.95,16.66,0.477,1.58,4.66,0.339,2.11,2.69,0.784,2.26,8.6,10.85,3.58,0.87,0.76,1.42,2.18
Donovan Mitchell,2020-21,70,70,33.5,23.41,9.51,19.94,0.477,2.51,6.29,0.4,1.87,2.23,0.84,2.09,9.59,11.67,3.84,0.93,0.69,1.8,1.96
Devin Booker,2021-22,73,73,33.1,17.64,7.48,15.81,0.473,1.42,4.53,0.314,1.26,1.66,0.76,1.95,9.07,11.01,3.23,0.96,0.97,1.86,2.48
Kyrie Irving,2022-23,82,82,33.5,17.65,7.28,14,0.52,1.48,4.23,0.349,1.61,1.93,0.835,1.94,9.07,11.01,3.23,0.73,0.7,1.7,2.18
Joel Embiid,2019-20,55,8,16.4,9.31,3.55,6.96,0.509,1.13,2.67,0.422,1.09,1.31,0.833,1.2,3.51,4.71,0.84,0.49,0.45,0.89,1.82
Luka Doncic,2020-21,61,54,31.3,19.05,7.26,13.39,0.542,2.79,6.26,0.445,1.74,2.2,0.791,1.49,5.8,7.3,1.15,0.66,0.89,1.26,2.07
Damian Lillard,2021-22,9,9,29.5,9.89,4.11,11.44,0.359,1.11,5.33,0.208,0.56,1,0.556,1,5.56,6.56,1.89,1.11,0.22,1.33,1.78
Shai Gilgeous-Alexander,2022-23,62,62,29,17.42,6.42,13.18,0.487,3.03,7.32,0.414,1.55,1.94,0.8,1.03,4.47,5.5,1.05,0.6,0.47,1.1,1.92
Joel Embiid,2018-19,15,1,7.4,2.67,1.07,3.33,0.32,0.33,1.4,0.238,0.2,0.47,0.429,0.07,0.67,0.73,0.33,0.07,0.13,0.27,0.27
Luka Doncic,2019-20,61,8,21.8,8.87,3.21,7.23,0.444,1.84,4.39,0.418,0.61,0.74,0.822,0.41,1.23,1.64,1,0.79,0.26,0.34,1.48
Damian Lillard,2020-21,58,38,31.1,15.31,5.52,13.53,0.408,2.84,7.4,0.385,1.43,1.83,0.783,0.47,2.16,2.62,1.38,0.97,0.17,0.74,1.59
Shai Gilgeous-Alexander,2021-22,70,69,35,18.33,6.43,15.51,0.414,2.99,7.79,0.383,2.49,2.91,0.853,0.37,2.36,2.73,2.01,1.74,0.27,1.04,2.06
Giannis Antetokounmpo,2022-23,66,44,32.1,17.39,6.14,14.17,0.433,2.52,6.82,0.369,2.61,3.11,0.839,0.45,2.17,2.62,1.61,1.58,0.21,0.83,1.55
Joel Embiid,2014-15,34,1,13.4,4.26,1.5,4.97,0.302,0.35,1.91,0.185,0.91,1,0.912,0.12,1.29,1.41,3.06,0.56,0.18,0.97,1.56
Luka Doncic,2015-16,12,0,13.3,4.83,1.58,4.5,0.352,0.08,0.83,0.1,1.58,2.75,0.576,0.33,1.08,1.42,1.83,0.25,0,0.58,1.67
Damian Lillard,2016-17,59,18,22.6,7.32,2.27,5.12,0.444,0.64,1.71,0.376,2.14,2.69,0.792,0.46,2.32,2.78,3.14,0.75,0.39,1.12,2.02
Shai Gilgeous-Alexander,2017-18,80,58,28.8,12.59,4.05,10.47,0.387,1.76,5.41,0.326,2.73,3.35,0.813,0.5,2.74,3.24,6.55,0.85,0.29,1.6,2.33
Giannis Antetokounmpo,2018-19,68,4,28.1,16.81,5.38,12.18,0.442,1.82,5.44,0.335,4.22,5.24,0.806,0.38,2.06,2.44,4.57,0.59,0.25,2.24,2.75
Jayson Tatum,2019-20,64,49,31.2,20.59,6.62,15.95,0.415,1.92,6.25,0.308,5.42,6.97,0.778,0.5,2.95,3.45,6.75,0.62,0.33,2.72,2.81
Stephen Curry,2020-21,3,3,21.4,6.67,2,5.33,0.375,0.67,2.33,0.286,2,2,1,0,4.33,4.33,3,0.67,0.33,1.67,1.33
Kevin Durant,2021-22,67,51,29.6,13.72,4.57,10.97,0.416,1.67,4.93,0.339,2.91,3.76,0.774,0.67,3.49,4.16,5.16,0.66,0.19,1.55,2.24
LeBron James,2022-23,79,79,34.5,17.33,5.82,13.29,0.438,2.29,6.2,0.369,3.39,4.18,0.812,0.35,3.06,3.42,6.52,0.85,0.3,1.84,2.37
Joel Embiid,2015-16,49,24,14.8,5.57,1.98,4.67,0.424,0.73,1.82,0.404,0.88,1.08,0.811,0.33,1.94,2.27,0.96,0.59,0.2,0.65,1.2
Luka Doncic,2016-17,76,18,18,8.37,2.99,6.66,0.449,0.74,2.28,0.324,1.66,2.09,0.792,0.34,1.88,2.22,1.08,0.68,0.18,0.92,1.67
Damian Lillard,2017-18,70,18,15.2,5.5,2.14,5.34,0.401,0.76,2.66,0.285,0.46,0.56,0.821,0.2,1.5,1.7,1.27,0.53,0.23,0.94,1.59
Shai Gilgeous-Alexander,2018-19,60,3,18.8,8.6,3.22,6.67,0.483,1.13,2.83,0.4,1.03,1.25,0.827,0.27,2.05,2.32,1.52,0.65,0.22,1.08,1.6
Giannis Antetokounmpo,2019-20,52,26,28.4,15.96,5.69,11.5,0.495,2.1,5.25,0.399,2.48,2.94,0.843,0.5,3.15,3.65,1.75,1.15,0.4,1.48,2.08
Jayson Tatum,2020-21,69,58,32,18.59,6.35,13.3,0.477,2.48,6.03,0.411,3.42,3.93,0.871,0.61,2.51,3.12,1.87,1.19,0.26,1.72,2.32
Stephen Curry,2021-22,45,41,32.4,18.96,6.2,13.44,0.461,2.36,5.62,0.419,4.2,5.18,0.811,0.44,2.78,3.22,2.13,0.93,0.47,1.53,2.36
Kevin Durant,2022-23,60,8,26.1,16.98,5.67,11.83,0.479,1.9,4.78,0.397,3.75,4.62,0.812,0.4,2.52,2.92,1.82,0.83,0.3,1.68,2.08
Joel Embiid,2016-17,82,55,23,10.56,3.99,9.35,0.426,1.8,4.62,0.391,0.78,0.93,0.842,0.43,2.85,3.28,1.48,0.46,0.11,1.23,1.4
Luka Doncic,2017-18,80,13,25.3,13.49,5.2,11.66,0.446,2.2,5.1,0.431,0.89,1.01,0.877,0.69,3.15,3.84,1.94,1.06,0.28,1.55,1.85
Damian Lillard,2018-19,82,82,31.9,20.67,7.6,16.59,0.458,3.39,7.94,0.427,2.09,2.35,0.886,1.29,3.73,5.02,2.5,0.71,0.4,1.78,2.46
Shai Gilgeous-Alexander,2019-20,72,44,30.8,19.19,6.92,16.14,0.429,3.76,9.56,0.394,1.6,1.89,0.846,0.79,3.78,4.57,2.96,0.92,0.24,2.33,2.29
Giannis Antetokounmpo,2020-21,71,71,34.3,16.56,5.68,13.97,0.406,3.97,10.15,0.391,1.24,1.46,0.846,0.41,4.3,4.7,3.62,0.89,0.42,1.83,2.46
Jayson Tatum,2021-22,81,32,30.8,15.62,5.51,13.56,0.406,3.23,8.84,0.366,1.37,1.57,0.874,0.81,3.54,4.36,2.83,0.9,0.31,1.89,2.27
Stephen Curry,2022-23,80,73,31,16.8,5.94,12.97,0.458,3.6,8.46,0.425,1.32,1.61,0.822,0.84,4.16,5,2.81,1.15,0.33,1.74,1.95
Joel Embiid,2017-18,74,62,20,5.92,2.2,4.68,0.471,0.99,2.66,0.371,0.53,0.84,0.629,0.59,1.89,2.49,0.74,0.7,0.19,0.61,1.76
Luka Doncic,2018-19,67,6,20.2,7,2.73,6.03,0.453,1,3.01,0.332,0.54,0.93,0.581,0.87,2.07,2.94,0.7,0.69,0.33,0.82,2.09
Damian Lillard,2019-20,69,68,29.9,10.62,4.14,8.2,0.505,1.29,3.3,0.39,1.04,1.48,0.706,1.16,4.12,5.28,1.57,1.39,0.65,1.14,2.42
Shai Gilgeous-Alexander,2020-21,43,43,33.3,15.86,5.79,12.07,0.48,2.42,6.07,0.398,1.86,2.37,0.784,1.26,4.26,5.51,2.19,1.53,0.74,1.74,2.65
Giannis Antetokounmpo,2021-22,48,48,36,17.12,6.44,14.52,0.443,2.4,6.6,0.363,1.85,2.46,0.754,1.54,3.96,5.5,2.6,1.48,0.52,1.67,2.73
Jayson Tatum,2022-23,67,67,35.6,16.78,6.28,13.21,0.476,2.12,5.48,0.387,2.09,2.49,0.838,1.42,3.54,4.96,1.96,1.91,0.75,1.97,2.99
Joel Embiid,2022-23,78,17,28.5,16.69,5.29,12.19,0.434,1.28,3.97,0.323,4.82,5.82,0.828,1.12,2.96,4.08,1.49,0.62,0.17,1.95,2.08
Joel Embiid,2015-16,17,0,8.5,3.59,1.29,3.12,0.415,0.24,0.65,0.364,0.76,1.24,0.619,0.76,1.47,2.24,0.18,0.29,0.41,0.12,0.65
Luka Doncic,2016-17,13,0,8.2,2.69,0.92,1.77,0.522,0,0.38,0,0.85,1.15,0.733,1.08,1.15,2.23,0.15,0.23,0.46,0.54,0.85
Damian Lillard,2018-19,21,2,11.9,8.19,2.9,5.57,0.521,0.43,1.24,0.346,1.95,2.67,0.732,0.81,3.14,3.95,0.38,0.33,0.48,0.81,0.81
Shai Gilgeous-Alexander,2019-20,62,12,21.4,13.06,4.65,8.19,0.567,0.87,2.26,0.386,2.9,3.9,0.744,1.68,4.61,6.29,0.97,0.55,0.87,1.35,1.58
Giannis Antetokounmpo,2020-21,41,41,32.3,20.98,8.02,15.61,0.514,1.88,5.02,0.374,3.05,4.83,0.631,1.85,7.78,9.63,1.73,0.83,1.17,1.95,2.15
Jayson Tatum,2021-22,68,67,30.8,17.91,6.47,12.91,0.501,1.93,4.94,0.39,3.04,4.88,0.623,1.62,8.47,10.09,2.28,0.79,0.96,1.85,2.51
Stephen Curry,2022-23,67,17,25.9,16.63,5.91,11.48,0.515,1.57,4.16,0.376,3.24,4.19,0.772,1.3,6.03,7.33,1.81,0.45,1.07,1.81,2.52
Joel Embiid,2021-22,54,54,31.5,12.48,5.2,12.41,0.419,1.04,3.94,0.263,1.04,1.46,0.709,1.81,5.98,7.8,6.39,0.94,0.37,3.17,1.63
Luka Doncic,2022-23,76,76,31.1,16.58,7.09,14.71,0.482,1,3.08,0.325,1.39,1.91,0.731,1.95,5.93,7.88,6.17,0.75,0.41,2.78,1.88
Joel Embiid,2014-15,47,8,17,5.17,1.98,4.43,0.447,0.28,1.02,0.271,0.94,1.3,0.721,0.98,2.62,3.6,0.7,0.45,0.47,0.81,1.77
Luka Doncic,2015-16,78,37,23.9,9.22,3.51,7.42,0.473,0.54,1.82,0.296,1.65,2.47,0.668,1.97,4.53,6.5,1.64,0.76,0.71,0.85,1.96
Damian Lillard,2016-17,80,72,28.7,12.74,4.91,10.81,0.454,0.96,3.34,0.288,1.95,2.71,0.719,1.45,3.61,5.06,1.88,0.81,0.5,1.11,2.15
Shai Gilgeous-Alexander,2017-18,58,57,32.9,17.62,6.47,14.91,0.434,1.98,5.9,0.336,2.71,3.88,0.698,1.5,6.38,7.88,2.34,1.02,0.78,1.84,1.91
Giannis Antetokounmpo,2018-19,78,78,33.8,15.97,6.03,13.41,0.449,1.55,4.45,0.349,2.37,3.24,0.731,1.65,5.71,7.36,3.71,0.73,0.72,2.08,2.21
Jayson Tatum,2019-20,62,62,32.5,14.42,5.4,12.37,0.437,1.18,3.82,0.308,2.44,3.61,0.674,1.73,5.94,7.66,3.68,0.82,0.63,1.61,2.02
Stephen Curry,2020-21,50,50,27.7,12.36,4.62,9.98,0.463,1.18,3.52,0.335,1.94,2.98,0.651,1.54,4.14,5.68,3.22,0.66,0.68,1.94,1.78
Kevin Durant,2021-22,75,75,31.7,15.01,5.79,11.12,0.52,1.16,3.47,0.335,2.28,3.07,0.743,1.67,4.19,5.85,2.51,0.59,0.59,1.77,1.97
LeBron James,2022-23,68,68,30.2,16.31,6.31,11.19,0.564,0.88,2.54,0.347,2.81,4.62,0.608,2.41,4.15,6.56,2.99,0.79,0.75,1.44,1.9
Joel Embiid,2022-23,74,73,31.1,16.27,5.53,13.28,0.416,1.62,4.73,0.343,3.59,4.81,0.747,0.99,2.91,3.89,5.23,0.82,0.23,3.2,3.27
Joel Embiid,2021-22,69,69,33.8,14.99,6.12,12.03,0.508,0.33,1.33,0.25,2.42,3.65,0.663,2.07,6.19,8.26,2.52,0.81,1.67,1.93,2.13
Luka Doncic,2022-23,79,79,34.4,16.16,6.65,11.99,0.554,0.28,1.29,0.216,2.59,3.85,0.674,2.37,6.63,9,2.84,0.76,1.51,1.85,2.76
Joel Embiid,2008-09,82,75,30.5,13.02,5.46,10.29,0.531,0,0.02,0,2.1,2.65,0.793,2.74,5.37,8.11,1.05,0.54,1.84,1.79,3.13
Luka Doncic,2009-10,82,82,36.9,18.8,6.87,13.77,0.499,0,0.02,0,5.07,6.21,0.817,3.29,5.35,8.65,2.28,0.67,1.7,2.49,3.06
Damian Lillard,2010-11,82,82,35.2,20.4,7.85,15.96,0.492,0,0.01,0,4.7,5.96,0.787,2.4,3.55,5.95,1.57,0.57,1.46,2.15,2.93
Shai Gilgeous-Alexander,2011-12,5,5,27.2,19.2,7.6,15.4,0.494,0,0,0,4,6.4,0.625,1.6,2,3.6,1.2,0.2,0.8,1.2,1.6
Giannis Antetokounmpo,2012-13,74,74,30.5,19.42,7.7,14.78,0.521,0,0.01,0,4.01,5.3,0.758,2.81,4.11,6.92,0.95,0.45,2.08,1.77,2.05
Jayson Tatum,2013-14,17,17,31.4,20.71,7.59,13.47,0.563,0,0.06,0,5.53,6.76,0.817,2.29,3.71,6,0.94,0.53,1.76,1.65,3.06
Stephen Curry,2014-15,72,44,29.2,17.17,7.03,13.71,0.513,0.01,0.14,0.1,3.1,3.81,0.814,2.97,4.46,7.43,0.69,0.6,1.75,1.44,2.86
Kevin Durant,2015-16,73,73,33.7,20.56,8.1,15.85,0.511,0.03,0.19,0.143,4.34,5.52,0.787,2.79,5.05,7.85,2.01,0.79,1.7,2.4,2.95
LeBron James,2016-17,75,75,29.6,20.52,7.4,15.63,0.474,1.79,5.16,0.346,3.93,4.85,0.81,1.61,3.76,5.37,2.35,0.51,1.65,2.45,2.56
Donovan Mitchell,2017-18,74,72,23.4,12.99,4.99,10.72,0.465,1.51,4.39,0.345,1.5,2.14,0.703,1,2.97,3.97,1.7,0.41,1.32,1.32,2.64
Devin Booker,2018-19,81,81,28.7,12.46,4.38,9.7,0.452,2.31,6.32,0.365,1.38,1.64,0.842,0.41,4.48,4.89,1.21,0.63,2.21,1.01,2.33
Kyrie Irving,2019-20,68,67,26.7,11.96,4.29,9.87,0.435,1.5,4.78,0.314,1.87,2.24,0.836,0.85,3.74,4.59,1.46,0.68,2.4,1.03,2.4
Jaylen Brown,2020-21,70,70,27.2,12.27,4.6,9.14,0.503,1.36,4.01,0.338,1.71,2.03,0.845,1.49,3.47,4.96,0.71,0.57,1.47,0.91,2.13
Trae Young,2021-22,13,11,23,12.38,4.69,10.08,0.466,1.46,4.08,0.358,1.54,1.77,0.87,1.46,2.62,4.08,0.46,0.62,1.15,0.92,2.62
Ja Morant,2022-23,78,78,30.4,15.88,6.12,11.53,0.531,1.74,4.67,0.374,1.91,2.44,0.784,2.01,4.65,6.67,1.27,0.47,2.47,1.37,2.6
Joel Embiid,2008-09,82,65,32.5,15.32,5.32,13.35,0.398,0.43,1.57,0.271,4.26,5.22,0.815,2.17,2.7,4.87,5.3,1.34,0.2,3.34,2.33
Luka Doncic,2009-10,82,82,34.3,16.12,5.91,14.15,0.418,0.28,1.27,0.221,4.01,5.15,0.78,1.74,3.15,4.89,7.95,1.32,0.41,3.27,2.49
Damian Lillard,2010-11,82,82,34.7,21.87,7.49,16.95,0.442,0.41,1.26,0.33,6.48,7.7,0.842,1.48,3.15,4.62,8.17,1.89,0.37,3.85,2.52
Shai Gilgeous-Alexander,2011-12,66,66,35.3,23.61,8.76,19.18,0.457,0.94,2.97,0.316,5.15,6.26,0.823,1.45,3.11,4.56,5.48,1.7,0.32,3.62,2.23
Giannis Antetokounmpo,2012-13,82,82,34.9,23.21,8.21,18.72,0.438,1.18,3.66,0.323,5.61,7.01,0.8,1.35,3.87,5.22,7.4,1.77,0.29,3.33,2.3
Jayson Tatum,2013-14,46,46,30.7,21.78,7.52,17.2,0.437,1.48,4.65,0.318,5.26,6.37,0.826,1.2,4.52,5.72,6.93,1.91,0.15,3.85,2.26
Stephen Curry,2014-15,67,67,34.4,28.15,9.36,21.96,0.426,1.28,4.3,0.299,8.15,9.76,0.835,1.85,5.43,7.28,8.57,2.09,0.21,4.37,2.75
Kevin Durant,2015-16,80,80,34.4,23.48,8.2,18.05,0.454,1.26,4.26,0.296,5.81,7.16,0.812,1.81,6.01,7.83,10.43,2.04,0.25,4.28,2.5
LeBron James,2016-17,81,81,34.6,31.58,10.17,23.96,0.425,2.47,7.2,0.343,8.77,10.37,0.845,1.69,8.98,10.67,10.37,1.63,0.38,5.41,2.35
Donovan Mitchell,2017-18,80,80,36.4,25.35,9.46,21.09,0.449,1.21,4.08,0.298,5.21,7.08,0.737,1.9,8.15,10.05,10.25,1.84,0.25,4.76,2.5
Devin Booker,2018-19,73,73,36,22.95,8.63,20.18,0.428,1.63,5.63,0.29,4.05,6.18,0.656,1.49,9.56,11.05,10.74,1.95,0.45,4.45,3.36
Kyrie Irving,2019-20,57,57,36,27.25,10.6,22.47,0.472,0.96,3.74,0.258,5.09,6.67,0.763,1.75,6.16,7.91,7.04,1.63,0.35,4.47,3.51
Jaylen Brown,2020-21,65,65,36.4,22.23,8.37,19.05,0.439,1.32,4.2,0.315,4.17,6.35,0.656,1.68,9.86,11.54,11.74,1.37,0.35,4.8,2.92
Trae Young,2021-22,78,78,34.3,18.47,7.03,15.81,0.444,1.01,3.4,0.298,3.41,5.12,0.667,1.41,6.03,7.44,7.05,0.96,0.26,3.78,3.01
Ja Morant,2022-23,73,24,29.1,15.88,5.92,13.58,0.436,1.22,3.92,0.311,2.82,4.3,0.656,1.22,4.58,5.79,7.55,1.04,0.45,3.49,2.22
Joel Embiid,2019-20,58,57,30.3,12.24,4.62,10.16,0.455,1.48,3.97,0.374,1.52,2.34,0.647,1,4.45,5.45,2.12,0.88,0.76,1.6,2.72
Luka Doncic,2020-21,64,61,30.5,12.88,4.72,10.72,0.44,1.75,4.53,0.386,1.69,2.27,0.745,1.45,5.08,6.53,2.52,1.08,1.23,2,2.67
Damian Lillard,2021-22,65,28,27.2,10.28,3.85,8.18,0.47,1.69,4.63,0.365,0.89,1.25,0.716,1.26,3.92,5.18,2.26,0.88,0.94,1.26,2.34
Shai Gilgeous-Alexander,2022-23,73,73,32.6,15.67,5.95,13.4,0.444,2.04,5.86,0.348,1.74,2.38,0.73,1,3.9,4.9,2.4,0.9,1.08,1.51,2.64
Joel Embiid,2019-20,63,62,32,12.35,4.44,10.84,0.41,1.71,4.83,0.355,1.75,2.29,0.764,0.7,3.84,4.54,1.78,0.7,0.29,1.63,2.89
Luka Doncic,2020-21,23,19,29.5,14.96,5.22,10.78,0.484,1.35,4.13,0.326,3.17,3.7,0.859,0.74,4.04,4.78,1.91,0.83,0.52,1.26,2.57
Damian Lillard,2021-22,53,52,29.8,13.38,4.79,10.85,0.442,1.4,3.68,0.379,2.4,3.13,0.765,0.49,2.83,3.32,1.28,0.68,0.4,1.3,2.92
Shai Gilgeous-Alexander,2022-23,67,67,31.7,15.36,5.66,12.27,0.461,1.49,4.27,0.35,2.55,3.09,0.826,0.69,3.55,4.24,1.4,0.52,0.25,1.22,2.97
Joel Embiid,2021-22,74,74,35.4,15.32,6.2,12.59,0.492,0.78,2.61,0.301,2.14,2.91,0.735,2.64,4.89,7.53,3.46,1.08,0.74,1.84,2.59
Luka Doncic,2022-23,77,76,34.8,15.31,6.01,13.19,0.456,0.82,2.91,0.281,2.47,3.19,0.772,2.32,4.32,6.65,4.82,1.08,0.79,2,2.21
Joel Embiid,2018-19,75,59,27.3,9.69,3.67,8.76,0.419,1.81,4.71,0.385,0.55,0.75,0.732,0.8,2.47,3.27,2.85,0.87,0.33,1.45,2.07
Luka Doncic,2019-20,56,48,31.4,12.21,4.5,10.89,0.413,2.27,5.96,0.38,0.95,1.14,0.828,0.62,3.45,4.07,3.8,0.91,0.48,1.55,2.48
Damian Lillard,2020-21,69,49,30.8,11.91,4.58,10.59,0.432,2.03,5.59,0.363,0.72,0.93,0.781,0.55,2.8,3.35,3.49,1.19,0.26,1.14,2.39
Shai Gilgeous-Alexander,2021-22,74,60,29.6,12.05,4.66,10.27,0.454,2.16,5.55,0.389,0.57,0.7,0.808,0.43,3,3.43,2.74,0.74,0.35,1.23,2.5
Giannis Antetokounmpo,2022-23,75,75,29.4,15.2,5.6,11.55,0.485,2.73,6.8,0.402,1.27,1.75,0.725,0.56,2.79,3.35,2.95,1.07,0.32,1.29,2.41
Joel Embiid,2012-13,81,81,25.4,9.23,3.41,7.75,0.439,0.64,1.79,0.359,1.78,2.35,0.758,0.65,3.46,4.11,1.21,0.64,0.17,1.25,1.73
Luka Doncic,2013-14,78,24,28.3,9.46,3.47,8.71,0.399,0.85,2.44,0.347,1.67,2.32,0.718,0.85,3.14,3.99,1.49,0.83,0.26,1.08,2.03
Damian Lillard,2014-15,82,82,28.3,10.09,3.85,8,0.482,1.06,2.62,0.405,1.32,1.83,0.72,1.43,4.1,5.52,1.41,0.74,0.23,0.87,1.78
Shai Gilgeous-Alexander,2015-16,66,59,30.9,11.73,4.47,9.59,0.466,1.24,3.24,0.383,1.55,2.03,0.761,1.17,3.76,4.92,1.77,0.62,0.15,0.86,2.06
Giannis Antetokounmpo,2016-17,79,79,35.5,19.22,7.58,16.2,0.468,0.99,2.81,0.351,3.06,3.56,0.861,1.18,3.81,4.99,1.47,0.82,0.19,1.29,1.62
Jayson Tatum,2017-18,77,77,34.2,18.86,6.97,15.69,0.445,1.55,4.32,0.357,3.36,4.06,0.827,1,5.08,6.08,1.97,0.64,0.18,1.53,1.22
Stephen Curry,2018-19,77,77,32.9,16.43,5.6,13.34,0.42,2.26,5.73,0.395,2.97,3.61,0.824,0.74,3.96,4.7,1.49,0.65,0.17,1.27,1.58
Kevin Durant,2019-20,72,72,34.5,14.53,5.07,11.01,0.46,1.42,3.72,0.381,2.97,3.71,0.801,1.07,3.86,4.93,2.21,0.6,0.17,1.22,1.29
LeBron James,2020-21,58,58,36.2,16.09,5.5,11.07,0.497,1.72,4.41,0.391,3.36,4.05,0.83,1.1,5.53,6.64,3.47,0.74,0.19,1.6,1.29
Donovan Mitchell,2021-22,77,77,33.6,16.43,5.08,10.83,0.469,1.84,4.68,0.394,4.43,5.36,0.826,1.06,4.55,5.61,2.42,0.69,0.18,1.53,1.22
Devin Booker,2022-23,82,82,32.5,15,4.56,9.65,0.473,1.61,4.3,0.374,4.27,5.04,0.847,1.06,3.4,4.46,1.56,0.7,0.12,1.05,1.26
Joel Embiid,2020-21,64,3,19.4,11.42,3.58,9.06,0.395,1.84,4.73,0.389,2.42,2.72,0.891,0.39,1.75,2.14,1.98,0.47,0.19,0.91,1.78
Luka Doncic,2021-22,78,3,23.1,11.31,3.64,9.28,0.392,1.76,5.08,0.346,2.27,2.58,0.881,0.4,2.77,3.17,3.53,0.69,0.04,1.27,2.14
Damian Lillard,2022-23,81,21,28.9,14.93,5.17,11.56,0.448,2.07,5.6,0.37,2.51,3.06,0.819,0.72,3.44,4.16,3.44,0.99,0.17,1.23,2.05
Joel Embiid,2016-17,75,28,26.4,10.23,3.87,8.47,0.457,1.04,2.57,0.404,1.45,1.68,0.865,0.63,2.21,2.84,4.23,1.12,0.16,1.51,1.87
Luka Doncic,2017-18,48,20,29.9,13.02,5.08,10.48,0.485,1.29,3.35,0.385,1.56,1.77,0.882,0.48,2.77,3.25,3.17,0.85,0.27,1.38,2.67
Damian Lillard,2018-19,64,64,28.6,15.64,5.91,11.69,0.505,1.62,3.81,0.426,2.2,2.38,0.928,1.02,3.48,4.5,3.2,0.72,0.2,1.42,1.59
Shai Gilgeous-Alexander,2019-20,54,54,30.9,16.54,6.04,13.78,0.438,1.39,4.26,0.326,3.07,3.44,0.892,0.85,4,4.85,7.06,0.65,0.19,2.43,1.81
Giannis Antetokounmpo,2020-21,56,56,34.5,21.18,7.93,17.5,0.453,2.59,6.68,0.388,2.73,3.16,0.864,1.04,4.21,5.25,5.88,0.88,0.27,2.05,1.96
Jayson Tatum,2021-22,36,36,33.5,19.08,6.75,15.08,0.448,1.61,5.17,0.312,3.97,4.64,0.856,0.92,4.22,5.14,5.89,0.83,0.39,2.14,1.97
Stephen Curry,2022-23,67,0,26,14.93,5.28,10.93,0.484,1.97,4.43,0.444,2.39,2.75,0.87,0.63,3.55,4.18,3.7,0.67,0.27,1.46,1.63
Joel Embiid,2021-22,72,13,20.7,9.61,3.46,7.29,0.474,0.4,1.62,0.248,2.29,3.22,0.711,1.92,3.54,5.46,2.57,0.82,0.94,2.01,2.97
Luka Doncic,2022-23,75,72,28.9,14.79,5.89,10.65,0.553,0.25,0.76,0.333,2.75,3.84,0.715,3.23,5.81,9.04,3.88,0.93,0.93,2.57,3.44
Joel Embiid,2011-12,42,9,11.4,4.95,1.88,4.02,0.467,0.14,0.55,0.261,1.05,1.29,0.815,0.71,1.69,2.4,0.52,0.31,0.17,0.74,1.07
Luka Doncic,2012-13,55,34,23.6,10.96,4.24,9.31,0.455,0.62,1.96,0.315,1.87,2.49,0.752,1.33,3.89,5.22,1.25,0.58,0.8,1.2,2.18
Damian Lillard,2013-14,61,36,30.3,14.64,5.44,11.74,0.464,0.52,2.07,0.254,3.23,4,0.807,1.44,5.51,6.95,1.34,0.67,0.39,1.28,2.34
Shai Gilgeous-Alexander,2014-15,68,63,34.8,17.12,6.5,13.96,0.466,1.28,3.51,0.364,2.84,3.6,0.788,1.07,5.25,6.32,1.82,1.01,0.53,1.69,1.97
Giannis Antetokounmpo,2015-16,76,74,33.1,14.68,5.49,11.7,0.469,1.05,3.14,0.335,2.66,3.2,0.831,1.28,5.45,6.72,2.22,0.86,0.53,1.42,2.01
Jayson Tatum,2016-17,82,48,31.3,16.11,6.23,12.98,0.48,1.33,3.84,0.346,2.32,2.76,0.841,0.78,4.3,5.09,1.73,0.73,0.48,1.17,1.62
Stephen Curry,2017-18,80,80,33.4,18.57,7.03,15.26,0.46,2.29,5.56,0.411,2.24,2.7,0.829,0.72,4.74,5.46,2.4,0.89,0.44,1.31,2.05
Kevin Durant,2018-19,82,82,34.7,20.05,7.45,15.29,0.487,1.9,4.79,0.397,3.24,3.74,0.866,0.84,7.02,7.87,2.79,0.62,0.45,1.84,2.24
LeBron James,2019-20,72,72,34.3,19.6,7.68,16.29,0.471,1.82,4.96,0.367,2.42,3,0.806,0.96,5.92,6.88,3.15,0.74,0.56,1.44,2.29
Donovan Mitchell,2020-21,62,62,32.5,19.52,7.63,14.9,0.512,1.32,3.35,0.394,2.94,3.29,0.892,1,5.76,6.76,3.55,0.89,0.82,1.73,1.92
Devin Booker,2021-22,73,73,34.8,17.22,6.75,14,0.482,1.38,3.77,0.367,2.33,2.77,0.842,1.05,5.74,6.79,3.45,0.64,0.59,1.59,2.25
Kyrie Irving,2022-23,74,74,32.9,14.66,5.72,11.42,0.501,1.7,4.38,0.389,1.53,1.74,0.876,0.91,4.82,5.73,2.51,0.92,0.54,1.2,2.01
Joel Embiid,2021-22,62,1,13.9,5.39,1.76,4.47,0.394,1.15,3,0.382,0.73,0.82,0.882,0.76,1.61,2.37,0.61,0.37,0.11,0.26,0.97
Luka Doncic,2022-23,79,65,31,14.53,4.9,10.13,0.484,2.56,6.29,0.406,2.18,2.41,0.905,0.75,2.81,3.56,1.42,1.13,0.54,0.77,1.96
Joel Embiid,2013-14,81,1,23.2,10.17,3.63,8.48,0.428,1.6,4.42,0.363,1.31,1.58,0.828,0.23,1.26,1.49,0.81,0.54,0.09,0.58,1.78
Luka Doncic,2014-15,70,30,24,11.49,3.99,10.24,0.389,1.73,5.06,0.342,1.79,2.23,0.801,0.17,2.06,2.23,1.81,0.29,0.2,1.17,1.7
Damian Lillard,2015-16,51,1,16.9,6.39,2.24,5.2,0.43,0.94,2.78,0.338,0.98,1.1,0.893,0.14,1.55,1.69,1,0.41,0.14,0.45,0.94
Shai Gilgeous-Alexander,2016-17,79,30,27.3,14.47,5.25,11.54,0.455,1.89,5.28,0.357,2.08,2.71,0.766,0.44,2.39,2.84,2.3,0.7,0.19,1.34,1.3
Giannis Antetokounmpo,2017-18,57,54,33.1,17.47,6.32,15.02,0.421,2.28,7.19,0.317,2.56,3.14,0.816,0.56,3.37,3.93,2.72,1.09,0.18,1.61,2.16
Jayson Tatum,2018-19,65,63,31.6,18.06,6,15.28,0.393,2.49,7.34,0.34,3.57,4.25,0.841,0.51,2.91,3.42,2.45,0.83,0.12,1.62,2.17
Stephen Curry,2019-20,71,58,29.5,15.79,5.41,12.45,0.434,2.87,7.23,0.398,2.1,2.56,0.819,0.35,2.92,3.27,1.93,0.58,0.07,0.97,1.76
Kevin Durant,2020-21,70,31,28.4,16.61,5.81,13.01,0.447,2.96,7.56,0.391,2.03,2.49,0.816,0.29,2.99,3.27,1.8,0.44,0.16,0.91,1.59
LeBron James,2021-22,42,20,29.6,14.24,4.98,12.62,0.394,2.43,7.24,0.336,1.86,2.45,0.757,0.31,3.4,3.71,2.19,0.9,0.14,0.81,1.76
Donovan Mitchell,2022-23,71,45,30.3,14.35,4.79,11.93,0.401,2.99,7.75,0.385,1.79,2.32,0.77,0.3,3.24,3.54,1.82,0.69,0.17,0.85,1.69
Joel Embiid,2017-18,82,74,28.7,10.95,4.15,9.41,0.44,1.15,3.22,0.356,1.51,2.02,0.747,0.6,2.54,3.13,1.65,0.89,0.21,1.51,2.84
Luka Doncic,2018-19,18,0,18.3,7.5,2.72,6.78,0.402,0.83,2.22,0.375,1.22,1.67,0.733,0.5,1.22,1.72,0.89,0.56,0.22,1.06,2.78
Damian Lillard,2019-20,73,73,28.9,16.18,5.96,14.63,0.407,2.01,5.63,0.358,2.25,2.78,0.808,0.93,2.4,3.33,2.05,0.86,0.37,1.7,3.81
Shai Gilgeous-Alexander,2020-21,67,67,29.8,17.18,6.45,15.39,0.419,1.91,5.55,0.344,2.37,2.91,0.815,0.79,2.13,2.93,2.34,1.16,0.39,1.78,3.54
Giannis Antetokounmpo,2021-22,32,31,27.7,18.44,7.09,16.44,0.432,1.44,4.66,0.309,2.81,3.31,0.849,0.91,2.28,3.19,2.75,1.12,0.25,1.56,3.28
Jayson Tatum,2022-23,73,73,30.3,14.34,5.37,13.58,0.396,1.96,6.01,0.326,1.64,2.11,0.779,0.62,2.73,3.34,2.59,0.89,0.22,1.42,3.29
Joel Embiid,2017-18,72,31,20,8.15,3.25,5.51,0.589,0.07,0.21,0.333,1.58,2.04,0.776,2,3.39,5.39,0.68,0.39,1.22,1.14,2.04
Luka Doncic,2018-19,80,80,26.2,10.91,4.19,7.1,0.59,0.07,0.56,0.133,2.46,3.48,0.709,2.39,6.01,8.4,1.38,0.54,1.5,1.29,2.3
Damian Lillard,2019-20,70,64,26.5,11.07,4.31,6.64,0.649,0,0.09,0,2.44,3.86,0.633,3.09,6.5,9.59,1.57,0.57,1.31,1.1,2.31
Shai Gilgeous-Alexander,2020-21,63,45,29.6,12.79,4.73,7.65,0.618,0.1,0.3,0.316,3.24,4.6,0.703,3.11,6.9,10.02,1.68,0.51,1.43,1.59,1.52
Giannis Antetokounmpo,2021-22,56,56,32.3,16.14,6.59,9.73,0.677,0.02,0.18,0.1,2.95,4.16,0.708,3.43,7.32,10.75,1.64,0.79,1.34,1.68,1.73
Jayson Tatum,2022-23,68,68,32.6,14.25,5.93,9.21,0.644,0.01,0.15,0.1,2.38,3.25,0.733,3.25,6.54,9.79,1.66,0.79,1.24,1.37,2.25
Joel Embiid,2012-13,62,57,23.9,8.94,3.29,5.92,0.556,0,0.02,0,2.35,2.98,0.789,1.95,4.05,6,0.73,0.27,1.26,1.52,3.03
Luka Doncic,2013-14,81,81,28.2,11.31,4.43,8.35,0.531,0,0.01,0,2.44,3.21,0.762,2.79,6.02,8.81,0.7,0.3,0.88,1.68,3.07
Damian Lillard,2014-15,80,80,26.2,12.04,4.66,8.15,0.572,0,0.01,0,2.71,3.45,0.786,2.69,5.97,8.66,0.49,0.41,1.19,1.36,2.77
Shai Gilgeous-Alexander,2015-16,60,59,25.9,12.8,5.05,8.93,0.565,0,0,0,2.7,3.55,0.761,3.07,6.05,9.12,0.7,0.42,1.33,1.42,2.63
Giannis Antetokounmpo,2016-17,80,80,25.8,11.99,4.89,8.78,0.557,0.01,0.03,0.5,2.2,2.71,0.811,2.83,6.66,9.49,0.71,0.46,0.79,1.32,2.7
Jayson Tatum,2017-18,77,77,22.4,12.73,5.06,8.92,0.568,0.39,0.96,0.405,2.21,2.74,0.806,2.38,6.19,8.57,1.05,0.38,0.9,1.49,2.49
Stephen Curry,2018-19,49,27,22.3,15.57,6.14,10.98,0.559,0.29,0.98,0.292,3,3.78,0.795,2.16,6.39,8.55,1.43,0.39,1.08,1.84,2.98
Kevin Durant,2019-20,70,70,26.4,14.91,6.17,10.56,0.585,0.46,1.3,0.352,2.11,2.86,0.74,3.04,8.21,11.26,1.87,0.43,1.09,1.81,2.64
LeBron James,2020-21,62,61,28.3,17.06,7.1,11.98,0.592,0.34,0.92,0.368,2.53,3.27,0.773,4.08,8.44,12.52,1.81,0.56,0.92,1.61,2.89
Donovan Mitchell,2021-22,74,74,30.3,17.76,6.89,12.68,0.544,0.77,2.14,0.361,3.2,3.91,0.82,3.05,8.34,11.39,2.57,0.55,0.81,2.42,3.34
Devin Booker,2022-23,79,79,24.9,14.11,5.65,10.33,0.547,0.48,1.38,0.349,2.34,2.84,0.826,2.85,7.33,10.18,1.77,0.25,0.66,2.01,3.1
Joel Embiid,2015-16,62,4,17.8,7.03,3,7.03,0.427,0.26,0.84,0.308,0.77,1.06,0.727,1.98,3.45,5.44,0.84,0.4,0.35,0.87,1.61
Luka Doncic,2016-17,64,13,15.6,6.83,2.86,5.86,0.488,0.5,1.5,0.333,0.61,0.92,0.661,1.17,3.45,4.62,0.55,0.25,0.17,0.58,1.47
Damian Lillard,2017-18,73,4,22.5,13.21,5.23,11.11,0.471,1.1,3.05,0.359,1.64,2.14,0.769,2.18,4.64,6.82,1.68,0.68,0.32,1.41,1.78
Shai Gilgeous-Alexander,2018-19,50,28,26,14.2,5.58,12.56,0.444,1.5,3.82,0.393,1.54,1.94,0.794,2.18,5.88,8.06,1.44,0.7,0.4,1.48,2.9
Giannis Antetokounmpo,2019-20,66,5,21.1,10.12,4.02,8.92,0.45,1.02,2.83,0.358,1.08,1.41,0.763,1.21,3.91,5.12,1.48,0.48,0.27,1.11,1.67
Jayson Tatum,2020-21,66,7,20.8,11.42,4.74,9.06,0.523,1.12,2.38,0.471,0.82,1.11,0.74,1.88,5.18,7.06,1.08,0.79,0.39,0.85,1.74
Stephen Curry,2021-22,72,59,28.2,14.61,5.79,12.1,0.479,1.85,4.69,0.393,1.18,1.57,0.752,2.5,6.62,9.12,1.19,0.74,0.71,1.25,2.42
Kevin Durant,2022-23,70,22,26,14.1,5.69,11.47,0.496,1.36,3.67,0.37,1.37,1.79,0.768,2.2,7.4,9.6,1.5,0.41,0.23,1.16,1.64
Joel Embiid,2022-23,75,62,30.3,14.08,5.52,10.59,0.521,0.97,2.73,0.356,2.07,2.55,0.812,1.12,3.37,4.49,3.31,1.37,0.47,1.64,2.55
Joel Embiid,2017-18,78,52,27.9,11.76,4.41,9.9,0.446,1.65,4.22,0.392,1.28,1.53,0.84,0.4,2.46,2.86,3.31,0.92,0.21,1.6,2.21
Luka Doncic,2018-19,70,17,27.8,14.14,5.16,12.33,0.418,1.91,5.31,0.36,1.91,2.31,0.827,0.57,2.9,3.47,3.81,1.03,0.21,1.67,2.03
Damian Lillard,2019-20,61,28,28.9,15.15,5.52,12.56,0.44,2.69,7.23,0.372,1.41,1.9,0.741,0.43,2.97,3.39,3.39,1.05,0.25,1.67,2.18
Shai Gilgeous-Alexander,2020-21,44,27,29.7,16.36,6.07,12.84,0.473,3.32,7.57,0.438,0.91,1,0.909,0.45,3.18,3.64,3.34,1.11,0.3,1.23,2.25
Giannis Antetokounmpo,2021-22,63,27,29.3,15.08,5.43,12.6,0.431,2.68,7.29,0.368,1.54,1.83,0.843,0.46,3.51,3.97,3.08,1.08,0.22,1.11,2.1
Jayson Tatum,2022-23,54,9,27.9,14,5.06,11.31,0.447,2.7,6.67,0.406,1.19,1.43,0.831,0.43,2.63,3.06,2.78,0.8,0.33,1.2,1.59
Joel Embiid,2017-18,14,0,18.1,7.14,3.21,7.93,0.405,0,0.07,0,0.71,1.5,0.476,0.86,2.29,3.14,3.79,0.79,0.29,1.21,1.57
Luka Doncic,2018-19,19,15,22.5,8.16,3.42,8.16,0.419,0.21,0.74,0.286,1.11,1.95,0.568,1.37,2.32,3.68,3.11,0.89,0.26,1.32,2.74
Damian Lillard,2019-20,72,60,27.7,12.08,4.99,10.72,0.465,0.5,1.88,0.267,1.61,2.21,0.73,0.57,2.74,3.31,5.12,1.25,0.15,2.04,1.97
Shai Gilgeous-Alexander,2020-21,8,8,26.9,12.88,5.12,13,0.394,0.5,2,0.25,2.12,2.38,0.895,0.62,2.5,3.12,5.38,1,0.25,2.25,2.25
Giannis Antetokounmpo,2021-22,18,3,20,10.83,4.61,9.72,0.474,0.22,0.94,0.235,1.39,1.72,0.806,0.22,2.5,2.72,5.5,1.11,0.28,2.22,1.22
Jayson Tatum,2022-23,60,60,29.6,13.95,5.82,11.32,0.514,0.45,1.45,0.31,1.87,2.38,0.783,1.15,2.75,3.9,5.68,1.45,0.43,2.32,2.18
Joel Embiid,2005-06,78,78,36,16.13,5.22,12.14,0.43,0.64,2.27,0.282,5.05,5.96,0.847,0.78,4.35,5.13,7.83,2.24,0.08,2.35,2.79
Luka Doncic,2006-07,64,64,36.8,17.25,5.95,13.61,0.437,0.78,2.23,0.35,4.56,5.58,0.818,0.84,3.53,4.38,8.89,1.84,0.05,2.52,2.41
Damian Lillard,2007-08,80,80,37.6,21.05,7.88,16.14,0.488,1.15,3.11,0.369,4.15,4.88,0.851,0.78,3.24,4.01,11.56,2.71,0.05,2.51,2.31
Shai Gilgeous-Alexander,2008-09,78,78,38.5,22.83,8.09,16.09,0.503,0.82,2.26,0.364,5.83,6.72,0.868,0.88,4.65,5.54,11.04,2.77,0.13,2.96,2.72
Giannis Antetokounmpo,2009-10,45,45,38.1,18.69,6.98,14.16,0.493,1.16,2.82,0.409,3.58,4.22,0.847,0.44,3.8,4.24,10.67,2.13,0.18,2.49,2.62
Jayson Tatum,2010-11,80,80,36,15.85,5.38,11.6,0.463,0.89,2.29,0.388,4.21,4.8,0.878,0.47,3.61,4.09,9.78,2.35,0.06,2.21,2.45
Stephen Curry,2011-12,60,60,36.3,19.82,7.08,14.83,0.478,1.32,3.55,0.371,4.33,5.03,0.861,0.7,2.85,3.55,9.05,2.53,0.07,2.07,2.3
Kevin Durant,2012-13,70,70,33.4,16.94,5.89,12.23,0.481,1.09,3.31,0.328,4.09,4.61,0.885,0.76,2.99,3.74,9.69,2.41,0.14,2.27,2.04
LeBron James,2013-14,62,62,35,19.11,6.55,14.03,0.467,1.26,3.42,0.368,4.76,5.56,0.855,0.61,3.71,4.32,10.69,2.48,0.06,2.34,2.53
Donovan Mitchell,2014-15,82,82,34.8,19.07,6.93,14.27,0.485,1.7,4.26,0.398,3.52,3.91,0.9,0.63,3.95,4.59,10.22,1.9,0.18,2.32,2.48
Devin Booker,2015-16,74,74,32.7,19.54,6.96,15.05,0.462,1.65,4.45,0.371,3.97,4.43,0.896,0.53,3.66,4.19,9.97,2.05,0.18,2.62,2.5
Kyrie Irving,2016-17,61,61,31.5,18.1,6.13,12.87,0.476,2.03,4.95,0.411,3.8,4.26,0.892,0.66,4.33,4.98,9.23,1.95,0.13,2.41,2.39
Jaylen Brown,2017-18,58,58,31.8,18.64,6.33,13.76,0.46,2.48,6.53,0.38,3.5,3.81,0.919,0.64,4.76,5.4,7.88,1.66,0.24,2.21,2.43
Trae Young,2018-19,58,58,32,15.62,5.21,12.41,0.419,2.19,6.12,0.358,3.02,3.5,0.862,0.62,3.95,4.57,8.16,1.97,0.31,2.62,2.52
Ja Morant,2019-20,70,70,31.5,17.6,6.2,12.67,0.489,1.59,4.34,0.365,3.61,3.99,0.907,0.37,4.61,4.99,6.74,1.59,0.16,2.3,2.26
Anthony Davis,2020-21,70,70,31.4,16.41,6.27,12.56,0.499,1.46,3.69,0.395,2.41,2.59,0.934,0.36,4.1,4.46,8.89,1.41,0.27,2.23,2.37
Lauri Markkanen,2021-22,65,65,32.9,14.74,5.58,11.32,0.493,0.97,3.06,0.317,2.6,3.11,0.837,0.34,4.02,4.35,10.8,1.86,0.31,2.35,2.06
Julius Randle,2022-23,59,59,32,13.88,4.98,11.32,0.44,1.66,4.42,0.375,2.25,2.71,0.831,0.46,3.8,4.25,8.88,1.54,0.37,1.93,2.14
Joel Embiid,2020-21,70,53,27.3,12.24,3.99,9.87,0.404,2.5,6.57,0.38,1.77,2.1,0.844,0.61,3.93,4.54,1.36,0.74,0.2,0.86,1.57
Luka Doncic,2021-22,82,82,33,16.11,5.49,13.85,0.396,2.57,7.44,0.346,2.56,3.1,0.827,1.3,4.07,5.38,2.84,0.89,0.2,1.17,1.56
Damian Lillard,2022-23,77,37,27.6,13.79,4.58,10.86,0.422,1.96,5.43,0.361,2.66,3.09,0.861,1.27,3.43,4.7,1.53,0.91,0.17,0.92,1.6
Joel Embiid,2019-20,36,28,22.8,6.78,2.39,6.06,0.394,0.83,2.81,0.297,1.17,1.47,0.792,0.67,1.58,2.25,0.75,0.86,0.11,0.61,2.69
Luka Doncic,2020-21,52,52,29.7,14.02,4.75,12.29,0.387,2.17,6.33,0.343,2.35,3.15,0.744,0.73,2.9,3.63,1.69,0.87,0.37,1.52,2.58
Damian Lillard,2021-22,51,51,32.7,17.2,5.75,14.24,0.404,2.55,7.67,0.332,3.16,3.75,0.843,0.75,3.41,4.16,1.73,0.9,0.35,1.73,2.92
Shai Gilgeous-Alexander,2022-23,74,73,30.7,13.69,4.58,11.8,0.388,1.82,5.53,0.33,2.7,3.5,0.772,1.73,2.92,4.65,2.08,1.01,0.31,1.24,3.28
Joel Embiid,2017-18,63,0,13.5,6.68,2.43,6.75,0.36,1.32,3.86,0.342,0.51,0.6,0.842,0.13,0.92,1.05,1.44,0.32,0.14,0.78,0.95
Luka Doncic,2018-19,73,0,17.2,8.95,3.11,8.03,0.387,1.49,4.52,0.33,1.23,1.4,0.882,0.22,1.66,1.88,1.6,0.51,0.26,1.18,1.45
Damian Lillard,2019-20,55,1,21.3,10.25,3.85,8.87,0.434,1.05,3.71,0.284,1.49,1.82,0.82,0.49,2.36,2.85,2.07,0.45,0.29,1.4,1.35
Shai Gilgeous-Alexander,2020-21,42,0,20.9,11.67,4.12,9.5,0.434,2.02,5.05,0.401,1.4,1.71,0.819,0.33,2.07,2.4,2.07,0.45,0.1,1.31,1.12
Giannis Antetokounmpo,2021-22,76,37,28.1,13.79,5.14,10.87,0.473,2.28,5.82,0.391,1.22,1.54,0.795,0.49,2.88,3.37,2.87,0.8,0.38,1.61,1.82
Jayson Tatum,2022-23,77,0,22.3,13.52,4.64,10.34,0.448,1.86,5.17,0.359,2.39,2.69,0.889,0.42,2.22,2.64,3.87,0.64,0.26,1.9,1.62
Joel Embiid,2013-14,45,0,9.6,2.31,0.8,1.64,0.486,0,0,0,0.71,1.44,0.492,1.13,2.31,3.44,0.16,0.18,0.91,0.71,1.27
Luka Doncic,2014-15,82,37,26.3,8.37,3.15,5.21,0.604,0,0.02,0,2.07,3.33,0.623,3.23,6.22,9.45,1.33,0.78,2.3,1.35,2.13
Damian Lillard,2015-16,61,60,31.7,9.13,3.25,5.8,0.559,0,0,0,2.64,4.64,0.569,3.41,7.54,10.95,1.49,0.74,2.21,1.87,2.67
Shai Gilgeous-Alexander,2016-17,81,81,33.9,14.04,5.1,7.72,0.661,0,0.01,0,3.84,5.88,0.653,3.88,8.9,12.78,1.2,0.6,2.64,1.81,3.04
Giannis Antetokounmpo,2017-18,56,56,32.4,13.5,4.93,7.93,0.622,0,0,0,3.64,5.34,0.682,2.95,7.79,10.73,1.43,0.79,2.3,1.91,2.73
Jayson Tatum,2018-19,81,80,31.8,15.85,5.88,8.79,0.669,0,0,0,4.1,6.44,0.636,3.81,9.04,12.85,1.99,0.81,2.31,1.6,2.85
Stephen Curry,2019-20,68,68,34.3,15.09,5.68,8.19,0.693,0,0,0,3.74,5.93,0.63,3.38,10.09,13.47,1.49,0.75,1.99,1.91,3.16
Kevin Durant,2020-21,71,71,30.8,14.3,5.51,8.15,0.675,0,0.06,0,3.28,5.27,0.623,3.38,10.14,13.52,1.25,0.56,2.68,1.66,2.3
LeBron James,2021-22,66,66,32.1,15.56,5.48,7.7,0.713,0,0.06,0,4.59,6.65,0.69,3.65,11.02,14.67,1.09,0.68,2.08,1.8,2.67
Donovan Mitchell,2022-23,70,70,30.7,13.41,5.14,7.8,0.659,0,0.04,0,3.13,4.86,0.644,3.3,8.33,11.63,1.24,0.8,1.36,1.74,3
Joel Embiid,2017-18,74,26,24.1,10.5,4.24,7.36,0.576,0.22,0.64,0.34,1.8,2.51,0.715,2.38,4.93,7.31,1.32,0.64,1.08,1.42,2.91
Luka Doncic,2018-19,61,59,30,19.48,7.62,13.62,0.56,0.9,2.59,0.348,3.33,4.36,0.763,3.59,6.16,9.75,1.98,0.36,0.64,1.97,3.26
Damian Lillard,2019-20,41,41,33.2,21.59,8.61,14.76,0.583,1.44,3.59,0.401,2.93,3.66,0.8,2.83,7.32,10.15,1.46,0.76,1.61,1.83,3.37
Shai Gilgeous-Alexander,2020-21,63,63,29.3,17.63,6.81,12.24,0.556,1.32,3.3,0.399,2.7,3.24,0.833,1.87,5.54,7.41,1.24,0.54,1,1.33,3.06
Giannis Antetokounmpo,2021-22,54,53,30.8,16.22,6.28,11.93,0.526,1.19,3.26,0.364,2.48,3.13,0.793,1.72,6.09,7.81,1.81,0.61,1.04,1.11,3.04
Jayson Tatum,2022-23,71,71,30,13.11,5.06,9.96,0.508,0.99,3.38,0.292,2.01,2.51,0.803,1.08,5.42,6.51,1.2,0.59,1.03,1.11,3.1
Joel Embiid,2020-21,47,34,27.1,12.87,4.66,11.74,0.397,1.23,3.66,0.337,2.32,2.79,0.832,0.81,3.89,4.7,4.09,0.64,0.38,2.26,2.09
Luka Doncic,2021-22,65,65,31.7,16.34,5.49,14.03,0.391,2.03,6.02,0.338,3.32,3.89,0.854,0.49,4.86,5.35,5.68,0.71,0.26,2.62,2.63
Damian Lillard,2022-23,60,4,25.9,13.02,4.62,10.17,0.454,1.25,3.43,0.364,2.53,2.83,0.894,0.78,4.02,4.8,3.92,0.62,0.52,1.52,2.63
Joel Embiid,2021-22,61,19,23.2,7.28,2.39,5.21,0.459,0.87,2.74,0.317,1.62,1.93,0.839,0.74,2.43,3.16,1.8,0.48,0.33,0.66,1.43
Luka Doncic,2022-23,64,22,28.8,13.02,4.05,7.66,0.529,1.34,3.38,0.398,3.58,4.14,0.864,0.52,2.5,3.02,3.36,0.52,0.3,1.55,1.69
Joel Embiid,2020-21,37,1,7.3,2.54,1,2.11,0.474,0.08,0.14,0.6,0.46,0.51,0.895,0.22,0.35,0.57,1.05,0.22,0,0.35,0.35
Luka Doncic,2021-22,69,11,16.6,5.99,2.41,4.91,0.49,0.14,0.74,0.196,1.03,1.32,0.78,0.42,1.83,2.25,3.38,0.61,0.1,0.67,1.13
Damian Lillard,2022-23,68,65,29.2,12.87,5.01,10.93,0.459,0.66,2.32,0.285,2.18,2.53,0.86,0.82,2.78,3.6,6.59,1.31,0.13,1.62,1.44
